Plate,Annotation
031121enzyme1,MQ
031121enzyme1,MQ
031121enzyme1,MQ
031121enzyme1,AS
031121enzyme1,AS
031121enzyme1,AS
031121enzyme1,0
031121enzyme1,0
031121enzyme1,0
031121enzyme1,0.1
031121enzyme1,0.1
031121enzyme1,0.1
031121enzyme1,0.25
031121enzyme1,0.25
031121enzyme1,0.25
031121enzyme1,0.5
031121enzyme1,0.5
031121enzyme1,0.5
031121enzyme1,0.75
031121enzyme1,0.75
031121enzyme1,0.75
031121enzyme1,1
031121enzyme1,1
031121enzyme1,1
031121enzyme1,2
031121enzyme1,2
031121enzyme1,2
031121enzyme1,5
031121enzyme1,5
031121enzyme1,5
031121enzyme1,10
031121enzyme1,10
031121enzyme1,10
031121enzyme1,20
031121enzyme1,20
031121enzyme1,20
031121enzyme1,50
031121enzyme1,50
031121enzyme1,50
031121enzyme1,100
031121enzyme1,100
031121enzyme1,100
031121enzyme1,d1g
031121enzyme1,d1g
031121enzyme1,d1g
031121enzyme1,d2g
031121enzyme1,d2g
031121enzyme1,d2g
031121enzyme1,d3g
031121enzyme1,d3g
031121enzyme1,d3g
031121enzyme1,d4g
031121enzyme1,d4g
031121enzyme1,d4g
031121enzyme1,d1g
031121enzyme1,d1g
031121enzyme1,d2g
031121enzyme1,d2g
031121enzyme1,d3g
031121enzyme1,d3g
031121enzyme1,d4g
031121enzyme1,d4g
031121enzyme1,d1c
031121enzyme1,d1c
031121enzyme1,d1c
031121enzyme1,d1c
031121enzyme1,d1c
031121enzyme1,d2c
031121enzyme1,d2c
031121enzyme1,d2c
031121enzyme1,d2c
031121enzyme1,d2c
031121enzyme1,d3c
031121enzyme1,d3c
031121enzyme1,d3c
031121enzyme1,d3c
031121enzyme1,d3c
031121enzyme1,d4c
031121enzyme1,d4c
031121enzyme1,d4c
031121enzyme1,d4c
031121enzyme1,d4c
031121enzyme1,CMQ
031121enzyme1,CMQ
031121enzyme1,CMQ
031121enzyme1,CAS
031121enzyme1,CAS
031121enzyme1,CAS
031121enzyme3,MQ
031121enzyme3,MQ
031121enzyme3,MQ
031121enzyme3,AS
031121enzyme3,AS
031121enzyme3,AS
031121enzyme3,0
031121enzyme3,0
031121enzyme3,0
031121enzyme3,0.1
031121enzyme3,0.1
031121enzyme3,0.1
031121enzyme3,0.25
031121enzyme3,0.25
031121enzyme3,0.25
031121enzyme3,0.5
031121enzyme3,0.5
031121enzyme3,0.5
031121enzyme3,0.75
031121enzyme3,0.75
031121enzyme3,0.75
031121enzyme3,1
031121enzyme3,1
031121enzyme3,1
031121enzyme3,2
031121enzyme3,2
031121enzyme3,2
031121enzyme3,5
031121enzyme3,5
031121enzyme3,5
031121enzyme3,10
031121enzyme3,10
031121enzyme3,10
031121enzyme3,20
031121enzyme3,20
031121enzyme3,20
031121enzyme3,50
031121enzyme3,50
031121enzyme3,50
031121enzyme3,100
031121enzyme3,100
031121enzyme3,100
031121enzyme3,h1g
031121enzyme3,h1g
031121enzyme3,h1g
031121enzyme3,h1g
031121enzyme3,h1g
031121enzyme3,h2g
031121enzyme3,h2g
031121enzyme3,h2g
031121enzyme3,h2g
031121enzyme3,h2g
031121enzyme3,h3g
031121enzyme3,h3g
031121enzyme3,h3g
031121enzyme3,h3g
031121enzyme3,h3g
031121enzyme3,h4g
031121enzyme3,h4g
031121enzyme3,h4g
031121enzyme3,h4g
031121enzyme3,h4g
031121enzyme3,h1c
031121enzyme3,h1c
031121enzyme3,h1c
031121enzyme3,h1c
031121enzyme3,h1c
031121enzyme3,h2c
031121enzyme3,h2c
031121enzyme3,h2c
031121enzyme3,h2c
031121enzyme3,h2c
031121enzyme3,h3c
031121enzyme3,h3c
031121enzyme3,h3c
031121enzyme3,h3c
031121enzyme3,h3c
031121enzyme3,h4c
031121enzyme3,h4c
031121enzyme3,h4c
031121enzyme3,h4c
031121enzyme3,h4c
031121enzyme3,CMQ
031121enzyme3,CMQ
031121enzyme3,CMQ
031121enzyme3,CAS
031121enzyme3,CAS
031121enzyme3,CAS
031121enzyme3,CAS
031121enzyme5,MQ
031121enzyme5,MQ
031121enzyme5,MQ
031121enzyme5,AS
031121enzyme5,AS
031121enzyme5,AS
031121enzyme5,0
031121enzyme5,0
031121enzyme5,0
031121enzyme5,0.1
031121enzyme5,0.1
031121enzyme5,0.1
031121enzyme5,0.25
031121enzyme5,0.25
031121enzyme5,0.25
031121enzyme5,0.5
031121enzyme5,0.5
031121enzyme5,0.5
031121enzyme5,0.75
031121enzyme5,0.75
031121enzyme5,0.75
031121enzyme5,1
031121enzyme5,1
031121enzyme5,1
031121enzyme5,2
031121enzyme5,2
031121enzyme5,2
031121enzyme5,5
031121enzyme5,5
031121enzyme5,5
031121enzyme5,10
031121enzyme5,10
031121enzyme5,10
031121enzyme5,20
031121enzyme5,20
031121enzyme5,20
031121enzyme5,50
031121enzyme5,50
031121enzyme5,50
031121enzyme5,100
031121enzyme5,100
031121enzyme5,100
031121enzyme5,l1g
031121enzyme5,l1g
031121enzyme5,l1g
031121enzyme5,l1g
031121enzyme5,l1g
031121enzyme5,l2g
031121enzyme5,l2g
031121enzyme5,l2g
031121enzyme5,l2g
031121enzyme5,l2g
031121enzyme5,l3g
031121enzyme5,l3g
031121enzyme5,l3g
031121enzyme5,l3g
031121enzyme5,l3g
031121enzyme5,l4g
031121enzyme5,l4g
031121enzyme5,l4g
031121enzyme5,l4g
031121enzyme5,l4g
031121enzyme5,l1c
031121enzyme5,l1c
031121enzyme5,l1c
031121enzyme5,l1c
031121enzyme5,l1c
031121enzyme5,l2c
031121enzyme5,l2c
031121enzyme5,l2c
031121enzyme5,l2c
031121enzyme5,l2c
031121enzyme5,l3c
031121enzyme5,l3c
031121enzyme5,l3c
031121enzyme5,l3c
031121enzyme5,l3c
031121enzyme5,l4c
031121enzyme5,l4c
031121enzyme5,l4c
031121enzyme5,l4c
031121enzyme5,l4c
031121enzyme5,CMQ
031121enzyme5,CMQ
031121enzyme5,CMQ
031121enzyme5,CAS
031121enzyme5,CAS
031121enzyme5,CAS
031121enzyme7,MQ
031121enzyme7,MQ
031121enzyme7,MQ
031121enzyme7,AS
031121enzyme7,AS
031121enzyme7,AS
031121enzyme7,0
031121enzyme7,0
031121enzyme7,0
031121enzyme7,0.1
031121enzyme7,0.1
031121enzyme7,0.1
031121enzyme7,0.25
031121enzyme7,0.25
031121enzyme7,0.25
031121enzyme7,0.5
031121enzyme7,0.5
031121enzyme7,0.5
031121enzyme7,0.75
031121enzyme7,0.75
031121enzyme7,0.75
031121enzyme7,1
031121enzyme7,1
031121enzyme7,1
031121enzyme7,2
031121enzyme7,2
031121enzyme7,2
031121enzyme7,5
031121enzyme7,5
031121enzyme7,5
031121enzyme7,10
031121enzyme7,10
031121enzyme7,10
031121enzyme7,20
031121enzyme7,20
031121enzyme7,20
031121enzyme7,50
031121enzyme7,50
031121enzyme7,50
031121enzyme7,100
031121enzyme7,100
031121enzyme7,100
031121enzyme7,p1g
031121enzyme7,p1g
031121enzyme7,p1g
031121enzyme7,p1g
031121enzyme7,p1g
031121enzyme7,p2g
031121enzyme7,p2g
031121enzyme7,p2g
031121enzyme7,p2g
031121enzyme7,p2g
031121enzyme7,p3g
031121enzyme7,p3g
031121enzyme7,p3g
031121enzyme7,p3g
031121enzyme7,p3g
031121enzyme7,p4g
031121enzyme7,p4g
031121enzyme7,p4g
031121enzyme7,p4g
031121enzyme7,p4g
031121enzyme7,p1c
031121enzyme7,p1c
031121enzyme7,p1c
031121enzyme7,p1c
031121enzyme7,p1c
031121enzyme7,p2c
031121enzyme7,p2c
031121enzyme7,p2c
031121enzyme7,p2c
031121enzyme7,p2c
031121enzyme7,p3c
031121enzyme7,p3c
031121enzyme7,p3c
031121enzyme7,p3c
031121enzyme7,p3c
031121enzyme7,p4c
031121enzyme7,p4c
031121enzyme7,p4c
031121enzyme7,p4c
031121enzyme7,p4c
031121enzyme7,CMQ
031121enzyme7,CMQ
031121enzyme7,CMQ
031121enzyme7,CAS
031121enzyme7,CAS
031121enzyme7,CAS
031121enzyme9,MQ
031121enzyme9,MQ
031121enzyme9,MQ
031121enzyme9,MQ
031121enzyme9,MQ
031121enzyme9,MQ
031121enzyme9,MQ
031121enzyme9,MQ
031121enzyme9,MQ
031121enzyme9,MQ
031121enzyme9,MQ
031121enzyme9,MQ
031121enzyme9,MQ
031121enzyme9,MQ
031121enzyme9,MQ
031121enzyme9,MQ
031121enzyme9,MQ
031121enzyme9,MQ
031121enzyme9,MQ
031121enzyme9,MQ
031121enzyme9,MQ
031121enzyme9,MQ
031121enzyme9,MQ
031121enzyme9,MQ
031121enzyme9,AS
031121enzyme9,AS
031121enzyme9,AS
031121enzyme9,AS
031121enzyme9,AS
031121enzyme9,AS
031121enzyme9,AS
031121enzyme9,AS
031121enzyme9,AS
031121enzyme9,AS
031121enzyme9,AS
031121enzyme9,AS
031121enzyme9,AS
031121enzyme9,AS
031121enzyme9,AS
031121enzyme9,AS
031121enzyme9,AS
031121enzyme9,AS
031121enzyme9,AS
031121enzyme9,AS
031121enzyme9,AS
031121enzyme9,AS
031121enzyme9,AS
031121enzyme9,AS
031121enzyme9,CMQ
031121enzyme9,CMQ
031121enzyme9,CMQ
031121enzyme9,CMQ
031121enzyme9,CMQ
031121enzyme9,CMQ
031121enzyme9,CMQ
031121enzyme9,CMQ
031121enzyme9,CMQ
031121enzyme9,CMQ
031121enzyme9,CAS
031121enzyme9,CAS
031121enzyme9,CAS
031121enzyme9,CAS
031121enzyme9,CAS
031121enzyme9,CAS
031121enzyme9,CAS
031121enzyme9,CAS
031121enzyme9,CAS
031121enzyme9,0
031121enzyme9,0
031121enzyme9,0
031121enzyme9,0
031121enzyme9,0
031121enzyme9,0.1
031121enzyme9,0.1
031121enzyme9,0.1
031121enzyme9,0.1
031121enzyme9,0.1
031121enzyme9,0.25
031121enzyme9,0.25
031121enzyme9,0.25
031121enzyme9,0.25
031121enzyme9,0.25
031121enzyme9,0.5
031121enzyme9,0.5
031121enzyme9,0.5
031121enzyme9,0.5
031121enzyme9,0.5
031121enzyme9,0.75
031121enzyme9,0.75
031121enzyme9,0.75
031121enzyme9,0.75
031121enzyme9,0.75
031121enzyme9,1
031121enzyme9,1
031121enzyme9,1
031121enzyme9,1
091121enzyme1,0
091121enzyme1,0
091121enzyme1,0
091121enzyme1,0.1
091121enzyme1,0.1
091121enzyme1,0.1
091121enzyme1,0.25
091121enzyme1,0.25
091121enzyme1,0.25
091121enzyme1,0.75
091121enzyme1,0.75
091121enzyme1,0.75
091121enzyme1,1
091121enzyme1,1
091121enzyme1,1
091121enzyme1,2
091121enzyme1,2
091121enzyme1,2
091121enzyme1,5
091121enzyme1,5
091121enzyme1,5
091121enzyme1,10
091121enzyme1,10
091121enzyme1,10
091121enzyme1,20
091121enzyme1,20
091121enzyme1,20
091121enzyme1,25
091121enzyme1,25
091121enzyme1,25
091121enzyme1,50
091121enzyme1,50
091121enzyme1,50
091121enzyme1,75
091121enzyme1,75
091121enzyme1,75
091121enzyme1,80
091121enzyme1,80
091121enzyme1,80
091121enzyme1,100
091121enzyme1,100
091121enzyme1,100
091121enzyme1,dL1
091121enzyme1,dL1
091121enzyme1,dL1
091121enzyme1,dL1
091121enzyme1,dL1
091121enzyme1,dL2
091121enzyme1,dL2
091121enzyme1,dL2
091121enzyme1,dL2
091121enzyme1,dL2
091121enzyme1,dL4
091121enzyme1,dL4
091121enzyme1,dL4
091121enzyme1,dL4
091121enzyme1,dL4
091121enzyme1,dL5
091121enzyme1,dL5
091121enzyme1,dL5
091121enzyme1,dL5
091121enzyme1,dL5
091121enzyme1,dL6
091121enzyme1,dL6
091121enzyme1,dL6
091121enzyme1,dL6
091121enzyme1,dL6
091121enzyme1,dL7
091121enzyme1,dL7
091121enzyme1,dL7
091121enzyme1,dL7
091121enzyme1,dL7
091121enzyme1,dL8
091121enzyme1,dL8
091121enzyme1,dL8
091121enzyme1,dL8
091121enzyme1,dL8
091121enzyme1,dL9
091121enzyme1,dL9
091121enzyme1,dL9
091121enzyme1,dL9
091121enzyme1,dL9
091121enzyme1,AS
091121enzyme1,AS
091121enzyme1,AS
091121enzyme1,AS
091121enzyme1,AS
091121enzyme1,CAS
091121enzyme1,CAS
091121enzyme1,CAS
091121enzyme2,0
091121enzyme2,0
091121enzyme2,0
091121enzyme2,0.1
091121enzyme2,0.1
091121enzyme2,0.1
091121enzyme2,0.25
091121enzyme2,0.25
091121enzyme2,0.25
091121enzyme2,0.75
091121enzyme2,0.75
091121enzyme2,0.75
091121enzyme2,1
091121enzyme2,1
091121enzyme2,1
091121enzyme2,2
091121enzyme2,2
091121enzyme2,2
091121enzyme2,5
091121enzyme2,5
091121enzyme2,5
091121enzyme2,10
091121enzyme2,10
091121enzyme2,10
091121enzyme2,20
091121enzyme2,20
091121enzyme2,20
091121enzyme2,25
091121enzyme2,25
091121enzyme2,25
091121enzyme2,50
091121enzyme2,50
091121enzyme2,50
091121enzyme2,75
091121enzyme2,75
091121enzyme2,75
091121enzyme2,80
091121enzyme2,80
091121enzyme2,80
091121enzyme2,100
091121enzyme2,100
091121enzyme2,100
091121enzyme2,dS4
091121enzyme2,dS4
091121enzyme2,dS4
091121enzyme2,dS4
091121enzyme2,dS4
091121enzyme2,dS5
091121enzyme2,dS5
091121enzyme2,dS5
091121enzyme2,dS5
091121enzyme2,dS5
091121enzyme2,dS6
091121enzyme2,dS6
091121enzyme2,dS6
091121enzyme2,dS6
091121enzyme2,dS6
091121enzyme2,hL1
091121enzyme2,hL1
091121enzyme2,hL1
091121enzyme2,hL1
091121enzyme2,hL1
091121enzyme2,hL3
091121enzyme2,hL3
091121enzyme2,hL3
091121enzyme2,hL3
091121enzyme2,hL3
091121enzyme2,hL4
091121enzyme2,hL4
091121enzyme2,hL4
091121enzyme2,hL4
091121enzyme2,hL4
091121enzyme2,hL6
091121enzyme2,hL6
091121enzyme2,hL6
091121enzyme2,hL6
091121enzyme2,hL6
091121enzyme2,hL7
091121enzyme2,hL7
091121enzyme2,hL7
091121enzyme2,hL7
091121enzyme2,hL7
091121enzyme2,hL8
091121enzyme2,hL8
091121enzyme2,hL8
091121enzyme2,hL8
091121enzyme2,hL8
091121enzyme2,AS
091121enzyme2,AS
091121enzyme2,AS
091121enzyme2,AS
091121enzyme2,AS
091121enzyme2,CAS
091121enzyme2,CAS
091121enzyme2,CAS
091121enzyme3,0
091121enzyme3,0
091121enzyme3,0
091121enzyme3,0.1
091121enzyme3,0.1
091121enzyme3,0.1
091121enzyme3,0.25
091121enzyme3,0.25
091121enzyme3,0.25
091121enzyme3,0.75
091121enzyme3,0.75
091121enzyme3,0.75
091121enzyme3,1
091121enzyme3,1
091121enzyme3,1
091121enzyme3,2
091121enzyme3,2
091121enzyme3,2
091121enzyme3,5
091121enzyme3,5
091121enzyme3,5
091121enzyme3,10
091121enzyme3,10
091121enzyme3,10
091121enzyme3,20
091121enzyme3,20
091121enzyme3,20
091121enzyme3,25
091121enzyme3,25
091121enzyme3,25
091121enzyme3,50
091121enzyme3,50
091121enzyme3,50
091121enzyme3,75
091121enzyme3,75
091121enzyme3,75
091121enzyme3,80
091121enzyme3,80
091121enzyme3,80
091121enzyme3,100
091121enzyme3,100
091121enzyme3,100
091121enzyme3,hL9
091121enzyme3,hL9
091121enzyme3,hL9
091121enzyme3,hL9
091121enzyme3,hL9
091121enzyme3,hS4
091121enzyme3,hS4
091121enzyme3,hS4
091121enzyme3,hS4
091121enzyme3,hS4
091121enzyme3,hS5
091121enzyme3,hS5
091121enzyme3,hS5
091121enzyme3,hS5
091121enzyme3,hS5
091121enzyme3,hS6
091121enzyme3,hS6
091121enzyme3,hS6
091121enzyme3,hS6
091121enzyme3,hS6
091121enzyme3,lL1
091121enzyme3,lL1
091121enzyme3,lL1
091121enzyme3,lL1
091121enzyme3,lL1
091121enzyme3,lL4
091121enzyme3,lL4
091121enzyme3,lL4
091121enzyme3,lL4
091121enzyme3,lL4
091121enzyme3,lL7
091121enzyme3,lL7
091121enzyme3,lL7
091121enzyme3,lL7
091121enzyme3,lL7
091121enzyme3,lL8
091121enzyme3,lL8
091121enzyme3,lL8
091121enzyme3,lL8
091121enzyme3,lL8
091121enzyme3,AS
091121enzyme3,AS
091121enzyme3,AS
091121enzyme3,AS
091121enzyme3,AS
091121enzyme3,CAS
091121enzyme3,CAS
091121enzyme3,CAS
091121enzyme4,0
091121enzyme4,0
091121enzyme4,0
091121enzyme4,0.1
091121enzyme4,0.1
091121enzyme4,0.1
091121enzyme4,0.25
091121enzyme4,0.25
091121enzyme4,0.25
091121enzyme4,0.75
091121enzyme4,0.75
091121enzyme4,0.75
091121enzyme4,1
091121enzyme4,1
091121enzyme4,1
091121enzyme4,2
091121enzyme4,2
091121enzyme4,2
091121enzyme4,5
091121enzyme4,5
091121enzyme4,5
091121enzyme4,10
091121enzyme4,10
091121enzyme4,10
091121enzyme4,20
091121enzyme4,20
091121enzyme4,20
091121enzyme4,25
091121enzyme4,25
091121enzyme4,25
091121enzyme4,50
091121enzyme4,50
091121enzyme4,50
091121enzyme4,75
091121enzyme4,75
091121enzyme4,75
091121enzyme4,80
091121enzyme4,80
091121enzyme4,80
091121enzyme4,100
091121enzyme4,100
091121enzyme4,100
091121enzyme4,lS4
091121enzyme4,lS4
091121enzyme4,lS4
091121enzyme4,lS4
091121enzyme4,lS4
091121enzyme4,lS5
091121enzyme4,lS5
091121enzyme4,lS5
091121enzyme4,lS5
091121enzyme4,lS5
091121enzyme4,lS6
091121enzyme4,lS6
091121enzyme4,lS6
091121enzyme4,lS6
091121enzyme4,lS6
091121enzyme4,pL1
091121enzyme4,pL1
091121enzyme4,pL1
091121enzyme4,pL1
091121enzyme4,pL1
091121enzyme4,pL3
091121enzyme4,pL3
091121enzyme4,pL3
091121enzyme4,pL3
091121enzyme4,pL3
091121enzyme4,pL6
091121enzyme4,pL6
091121enzyme4,pL6
091121enzyme4,pL6
091121enzyme4,pL6
091121enzyme4,pS4
091121enzyme4,pS4
091121enzyme4,pS4
091121enzyme4,pS4
091121enzyme4,pS4
091121enzyme4,pS6
091121enzyme4,pS6
091121enzyme4,pS6
091121enzyme4,pS6
091121enzyme4,pS6
091121enzyme4,AS
091121enzyme4,AS
091121enzyme4,AS
091121enzyme4,AS
091121enzyme4,AS
091121enzyme4,CAS
091121enzyme4,CAS
091121enzyme4,CAS
091121enzyme4,CAS
091121enzyme4,CAS
101221enzyme,0
101221enzyme,0
101221enzyme,0
101221enzyme,0.25
101221enzyme,0.25
101221enzyme,0.25
101221enzyme,0.5
101221enzyme,0.5
101221enzyme,0.5
101221enzyme,0.75
101221enzyme,0.75
101221enzyme,0.75
101221enzyme,1
101221enzyme,1
101221enzyme,1
101221enzyme,2
101221enzyme,2
101221enzyme,2
101221enzyme,5
101221enzyme,5
101221enzyme,5
101221enzyme,10
101221enzyme,10
101221enzyme,10
101221enzyme,25
101221enzyme,25
101221enzyme,
101221enzyme,50
101221enzyme,50
101221enzyme,50
101221enzyme,75
101221enzyme,75
101221enzyme,75
101221enzyme,100
101221enzyme,100
101221enzyme,100
101221enzyme,s1
101221enzyme,s1
101221enzyme,s1
101221enzyme,s1
101221enzyme,s1
101221enzyme,s2
101221enzyme,s2
101221enzyme,s2
101221enzyme,s2
101221enzyme,s2
101221enzyme,s3
101221enzyme,s3
101221enzyme,s3
101221enzyme,s3
101221enzyme,s3
101221enzyme,s4
101221enzyme,s4
101221enzyme,s4
101221enzyme,s4
101221enzyme,s4
101221enzyme,s5
101221enzyme,s5
101221enzyme,s5
101221enzyme,s5
101221enzyme,s5
101221enzyme,s6
101221enzyme,s6
101221enzyme,s6
101221enzyme,s6
101221enzyme,s6
101221enzyme,s7
101221enzyme,s7
101221enzyme,s7
101221enzyme,s7
101221enzyme,s7
101221enzyme,s8
101221enzyme,s8
101221enzyme,s8
101221enzyme,s8
101221enzyme,s8
101221enzyme,s9
101221enzyme,s9
101221enzyme,s9
101221enzyme,s9
101221enzyme,s9
101221enzyme,CAS
101221enzyme,CAS
101221enzyme,CAS
101221enzyme,CAS
101221enzyme,CAS
101221enzyme,CAS
101221enzyme,CAS
101221enzyme,AS
101221enzyme,AS
101221enzyme,AS
101221enzyme,AS
101221enzyme,AS
101221enzyme,AS
101221enzyme,AS
101221enzyme,AS
161121enzyme1,0
161121enzyme1,0
161121enzyme1,0
161121enzyme1,0.25
161121enzyme1,0.25
161121enzyme1,0.25
161121enzyme1,0.5
161121enzyme1,0.5
161121enzyme1,0.5
161121enzyme1,0.75
161121enzyme1,0.75
161121enzyme1,0.75
161121enzyme1,1
161121enzyme1,1
161121enzyme1,1
161121enzyme1,2
161121enzyme1,2
161121enzyme1,2
161121enzyme1,5
161121enzyme1,5
161121enzyme1,5
161121enzyme1,10
161121enzyme1,10
161121enzyme1,10
161121enzyme1,25
161121enzyme1,25
161121enzyme1,25
161121enzyme1,50
161121enzyme1,50
161121enzyme1,50
161121enzyme1,75
161121enzyme1,75
161121enzyme1,75
161121enzyme1,100
161121enzyme1,100
161121enzyme1,100
161121enzyme1,dS13
161121enzyme1,dS13
161121enzyme1,dS13
161121enzyme1,dS13
161121enzyme1,dS13
161121enzyme1,dS14
161121enzyme1,dS14
161121enzyme1,dS14
161121enzyme1,dS14
161121enzyme1,dS14
161121enzyme1,dS15
161121enzyme1,dS15
161121enzyme1,dS15
161121enzyme1,dS15
161121enzyme1,dS15
161121enzyme1,dS31
161121enzyme1,dS31
161121enzyme1,dS31
161121enzyme1,dS31
161121enzyme1,dS31
161121enzyme1,dS33
161121enzyme1,dS33
161121enzyme1,dS33
161121enzyme1,dS33
161121enzyme1,dS33
161121enzyme1,hS7
161121enzyme1,hS7
161121enzyme1,hS7
161121enzyme1,hS7
161121enzyme1,hS7
161121enzyme1,hS13
161121enzyme1,hS13
161121enzyme1,hS13
161121enzyme1,hS13
161121enzyme1,hS13
161121enzyme1,hS14
161121enzyme1,hS14
161121enzyme1,hS14
161121enzyme1,hS14
161121enzyme1,hS14
161121enzyme1,AS
161121enzyme1,AS
161121enzyme1,AS
161121enzyme1,AS
161121enzyme1,AS
161121enzyme1,CAS
161121enzyme1,CAS
161121enzyme1,CAS
161121enzyme2,0
161121enzyme2,0
161121enzyme2,0
161121enzyme2,0.25
161121enzyme2,0.25
161121enzyme2,0.25
161121enzyme2,0.5
161121enzyme2,0.5
161121enzyme2,0.5
161121enzyme2,0.75
161121enzyme2,0.75
161121enzyme2,0.75
161121enzyme2,1
161121enzyme2,1
161121enzyme2,1
161121enzyme2,2
161121enzyme2,2
161121enzyme2,2
161121enzyme2,5
161121enzyme2,5
161121enzyme2,5
161121enzyme2,10
161121enzyme2,10
161121enzyme2,10
161121enzyme2,25
161121enzyme2,25
161121enzyme2,25
161121enzyme2,50
161121enzyme2,50
161121enzyme2,50
161121enzyme2,75
161121enzyme2,75
161121enzyme2,75
161121enzyme2,100
161121enzyme2,100
161121enzyme2,100
161121enzyme2,hS24
161121enzyme2,hS24
161121enzyme2,hS24
161121enzyme2,hS24
161121enzyme2,hS24
161121enzyme2,hS25
161121enzyme2,hS25
161121enzyme2,hS25
161121enzyme2,hS25
161121enzyme2,hS25
161121enzyme2,hS27
161121enzyme2,hS27
161121enzyme2,hS27
161121enzyme2,hS27
161121enzyme2,hS27
161121enzyme2,lS10
161121enzyme2,lS10
161121enzyme2,lS10
161121enzyme2,lS10
161121enzyme2,lS10
161121enzyme2,lS11
161121enzyme2,lS11
161121enzyme2,lS11
161121enzyme2,lS11
161121enzyme2,lS11
161121enzyme2,lS14
161121enzyme2,lS14
161121enzyme2,lS14
161121enzyme2,lS14
161121enzyme2,lS14
161121enzyme2,lS21
161121enzyme2,lS21
161121enzyme2,lS21
161121enzyme2,lS21
161121enzyme2,lS21
161121enzyme2,lS27
161121enzyme2,lS27
161121enzyme2,lS27
161121enzyme2,lS27
161121enzyme2,lS27
161121enzyme2,AS
161121enzyme2,AS
161121enzyme2,AS
161121enzyme2,AS
161121enzyme2,AS
161121enzyme2,CAS
161121enzyme2,CAS
161121enzyme2,CAS
161121enzyme3,0
161121enzyme3,0
161121enzyme3,0
161121enzyme3,0.25
161121enzyme3,0.25
161121enzyme3,0.25
161121enzyme3,0.5
161121enzyme3,0.5
161121enzyme3,0.5
161121enzyme3,0.75
161121enzyme3,0.75
161121enzyme3,0.75
161121enzyme3,1
161121enzyme3,1
161121enzyme3,1
161121enzyme3,2
161121enzyme3,2
161121enzyme3,2
161121enzyme3,5
161121enzyme3,5
161121enzyme3,5
161121enzyme3,10
161121enzyme3,10
161121enzyme3,10
161121enzyme3,25
161121enzyme3,25
161121enzyme3,25
161121enzyme3,50
161121enzyme3,50
161121enzyme3,50
161121enzyme3,75
161121enzyme3,75
161121enzyme3,75
161121enzyme3,100
161121enzyme3,100
161121enzyme3,100
161121enzyme3,lS31
161121enzyme3,lS31
161121enzyme3,lS31
161121enzyme3,lS31
161121enzyme3,lS31
161121enzyme3,lS32
161121enzyme3,lS32
161121enzyme3,lS32
161121enzyme3,lS32
161121enzyme3,lS32
161121enzyme3,pS16
161121enzyme3,pS16
161121enzyme3,pS16
161121enzyme3,pS16
161121enzyme3,pS16
161121enzyme3,pS17
161121enzyme3,pS17
161121enzyme3,pS17
161121enzyme3,pS17
161121enzyme3,pS17
161121enzyme3,pS26
161121enzyme3,pS26
161121enzyme3,pS26
161121enzyme3,pS26
161121enzyme3,pS26
161121enzyme3,pS27
161121enzyme3,pS27
161121enzyme3,pS27
161121enzyme3,pS27
161121enzyme3,pS27
161121enzyme3,pS30
161121enzyme3,pS30
161121enzyme3,pS30
161121enzyme3,pS30
161121enzyme3,pS30
161121enzyme3,AS
161121enzyme3,AS
161121enzyme3,AS
161121enzyme3,AS
161121enzyme3,AS
161121enzyme3,CAS
161121enzyme3,CAS
161121enzyme3,CAS
161121enzyme3,CAS
161121enzyme3,CAS
161121enzyme3,CAS
161121enzyme3,CAS
161121enzyme3,CAS
191121enzyme1,0
191121enzyme1,0
191121enzyme1,0
191121enzyme1,0.25
191121enzyme1,0.25
191121enzyme1,0.25
191121enzyme1,0.5
191121enzyme1,0.5
191121enzyme1,0.5
191121enzyme1,0.75
191121enzyme1,0.75
191121enzyme1,0.75
191121enzyme1,1
191121enzyme1,1
191121enzyme1,1
191121enzyme1,2
191121enzyme1,2
191121enzyme1,2
191121enzyme1,5
191121enzyme1,5
191121enzyme1,5
191121enzyme1,10
191121enzyme1,10
191121enzyme1,10
191121enzyme1,25
191121enzyme1,25
191121enzyme1,25
191121enzyme1,50
191121enzyme1,50
191121enzyme1,50
191121enzyme1,75
191121enzyme1,75
191121enzyme1,75
191121enzyme1,100
191121enzyme1,100
191121enzyme1,100
191121enzyme1,d1g
191121enzyme1,d1g
191121enzyme1,d1g
191121enzyme1,d1g
191121enzyme1,d1g
191121enzyme1,d2g
191121enzyme1,d2g
191121enzyme1,d2g
191121enzyme1,d2g
191121enzyme1,d2g
191121enzyme1,d3g
191121enzyme1,d3g
191121enzyme1,d3g
191121enzyme1,d3g
191121enzyme1,d3g
191121enzyme1,d4g
191121enzyme1,d4g
191121enzyme1,d4g
191121enzyme1,d4g
191121enzyme1,d4g
191121enzyme1,d1c
191121enzyme1,d1c
191121enzyme1,d1c
191121enzyme1,d1c
191121enzyme1,d1c
191121enzyme1,d2c
191121enzyme1,d2c
191121enzyme1,d2c
191121enzyme1,d2c
191121enzyme1,d2c
191121enzyme1,d3c
191121enzyme1,d3c
191121enzyme1,d3c
191121enzyme1,d3c
191121enzyme1,d3c
191121enzyme1,d4c
191121enzyme1,d4c
191121enzyme1,d4c
191121enzyme1,d4c
191121enzyme1,d4c
191121enzyme1,AS
191121enzyme1,AS
191121enzyme1,AS
191121enzyme1,AS
191121enzyme1,AS
191121enzyme1,CAS
191121enzyme1,CAS
191121enzyme1,CAS
191121enzyme2,0
191121enzyme2,0
191121enzyme2,0
191121enzyme2,0.25
191121enzyme2,0.25
191121enzyme2,0.25
191121enzyme2,0.5
191121enzyme2,0.5
191121enzyme2,0.5
191121enzyme2,0.75
191121enzyme2,0.75
191121enzyme2,0.75
191121enzyme2,1
191121enzyme2,1
191121enzyme2,1
191121enzyme2,2
191121enzyme2,2
191121enzyme2,2
191121enzyme2,5
191121enzyme2,5
191121enzyme2,5
191121enzyme2,10
191121enzyme2,10
191121enzyme2,10
191121enzyme2,25
191121enzyme2,25
191121enzyme2,25
191121enzyme2,50
191121enzyme2,50
191121enzyme2,50
191121enzyme2,75
191121enzyme2,75
191121enzyme2,75
191121enzyme2,100
191121enzyme2,100
191121enzyme2,100
191121enzyme2,h1g
191121enzyme2,h1g
191121enzyme2,h1g
191121enzyme2,h1g
191121enzyme2,h1g
191121enzyme2,h2g
191121enzyme2,h2g
191121enzyme2,h2g
191121enzyme2,h2g
191121enzyme2,h2g
191121enzyme2,h3g
191121enzyme2,h3g
191121enzyme2,h3g
191121enzyme2,h3g
191121enzyme2,h3g
191121enzyme2,h4g
191121enzyme2,h4g
191121enzyme2,h4g
191121enzyme2,h4g
191121enzyme2,h4g
191121enzyme2,h1c
191121enzyme2,h1c
191121enzyme2,h1c
191121enzyme2,h1c
191121enzyme2,h1c
191121enzyme2,h2c
191121enzyme2,h2c
191121enzyme2,h2c
191121enzyme2,h2c
191121enzyme2,h2c
191121enzyme2,h3c
191121enzyme2,h3c
191121enzyme2,h3c
191121enzyme2,h3c
191121enzyme2,h3c
191121enzyme2,h4c
191121enzyme2,h4c
191121enzyme2,h4c
191121enzyme2,h4c
191121enzyme2,h4c
191121enzyme2,AS
191121enzyme2,AS
191121enzyme2,AS
191121enzyme2,AS
191121enzyme2,AS
191121enzyme2,CAS
191121enzyme2,CAS
191121enzyme2,CAS
191121enzyme3,0
191121enzyme3,0
191121enzyme3,0
191121enzyme3,0.25
191121enzyme3,0.25
191121enzyme3,0.25
191121enzyme3,0.5
191121enzyme3,0.5
191121enzyme3,0.5
191121enzyme3,0.75
191121enzyme3,0.75
191121enzyme3,0.75
191121enzyme3,1
191121enzyme3,1
191121enzyme3,1
191121enzyme3,2
191121enzyme3,2
191121enzyme3,2
191121enzyme3,5
191121enzyme3,5
191121enzyme3,5
191121enzyme3,10
191121enzyme3,10
191121enzyme3,10
191121enzyme3,25
191121enzyme3,25
191121enzyme3,25
191121enzyme3,50
191121enzyme3,50
191121enzyme3,50
191121enzyme3,75
191121enzyme3,75
191121enzyme3,75
191121enzyme3,100
191121enzyme3,100
191121enzyme3,100
191121enzyme3,l1g
191121enzyme3,l1g
191121enzyme3,l1g
191121enzyme3,l1g
191121enzyme3,l1g
191121enzyme3,l2g
191121enzyme3,l2g
191121enzyme3,l2g
191121enzyme3,l2g
191121enzyme3,l2g
191121enzyme3,l3g
191121enzyme3,l3g
191121enzyme3,l3g
191121enzyme3,l3g
191121enzyme3,l3g
191121enzyme3,l4g
191121enzyme3,l4g
191121enzyme3,l4g
191121enzyme3,l4g
191121enzyme3,l4g
191121enzyme3,l1c
191121enzyme3,l1c
191121enzyme3,l1c
191121enzyme3,l1c
191121enzyme3,l1c
191121enzyme3,l2c
191121enzyme3,l2c
191121enzyme3,l2c
191121enzyme3,l2c
191121enzyme3,l2c
191121enzyme3,l3c
191121enzyme3,l3c
191121enzyme3,l3c
191121enzyme3,l3c
191121enzyme3,l3c
191121enzyme3,l4c
191121enzyme3,l4c
191121enzyme3,l4c
191121enzyme3,l4c
191121enzyme3,l4c
191121enzyme3,AS
191121enzyme3,AS
191121enzyme3,AS
191121enzyme3,AS
191121enzyme3,AS
191121enzyme3,CAS
191121enzyme3,CAS
191121enzyme3,CAS
191121enzyme4,0
191121enzyme4,0
191121enzyme4,0
191121enzyme4,0.25
191121enzyme4,0.25
191121enzyme4,0.25
191121enzyme4,0.5
191121enzyme4,0.5
191121enzyme4,0.5
191121enzyme4,0.75
191121enzyme4,0.75
191121enzyme4,0.75
191121enzyme4,1
191121enzyme4,1
191121enzyme4,1
191121enzyme4,2
191121enzyme4,2
191121enzyme4,2
191121enzyme4,5
191121enzyme4,5
191121enzyme4,5
191121enzyme4,10
191121enzyme4,10
191121enzyme4,10
191121enzyme4,25
191121enzyme4,25
191121enzyme4,25
191121enzyme4,50
191121enzyme4,50
191121enzyme4,50
191121enzyme4,75
191121enzyme4,75
191121enzyme4,75
191121enzyme4,100
191121enzyme4,100
191121enzyme4,100
191121enzyme4,p1g
191121enzyme4,p1g
191121enzyme4,p1g
191121enzyme4,p1g
191121enzyme4,p1g
191121enzyme4,p2g
191121enzyme4,p2g
191121enzyme4,p2g
191121enzyme4,p2g
191121enzyme4,p2g
191121enzyme4,p3g
191121enzyme4,p3g
191121enzyme4,p3g
191121enzyme4,p3g
191121enzyme4,p3g
191121enzyme4,p4g
191121enzyme4,p4g
191121enzyme4,p4g
191121enzyme4,p4g
191121enzyme4,p4g
191121enzyme4,p1c
191121enzyme4,p1c
191121enzyme4,p1c
191121enzyme4,p1c
191121enzyme4,p1c
191121enzyme4,p2c
191121enzyme4,p2c
191121enzyme4,p2c
191121enzyme4,p2c
191121enzyme4,p2c
191121enzyme4,p3c
191121enzyme4,p3c
191121enzyme4,p3c
191121enzyme4,p3c
191121enzyme4,p3c
191121enzyme4,p4c
191121enzyme4,p4c
191121enzyme4,p4c
191121enzyme4,p4c
191121enzyme4,p4c
191121enzyme4,AS
191121enzyme4,AS
191121enzyme4,AS
191121enzyme4,AS
191121enzyme4,AS
191121enzyme4,CAS
191121enzyme4,CAS
191121enzyme4,CAS
191121enzyme4,CAS
191121enzyme4,CAS
231121enzyme1,0
231121enzyme1,0
231121enzyme1,0
231121enzyme1,0.25
231121enzyme1,0.25
231121enzyme1,0.25
231121enzyme1,0.5
231121enzyme1,0.5
231121enzyme1,0.5
231121enzyme1,0.75
231121enzyme1,0.75
231121enzyme1,0.75
231121enzyme1,1
231121enzyme1,1
231121enzyme1,1
231121enzyme1,2
231121enzyme1,2
231121enzyme1,2
231121enzyme1,5
231121enzyme1,5
231121enzyme1,5
231121enzyme1,10
231121enzyme1,10
231121enzyme1,10
231121enzyme1,25
231121enzyme1,25
231121enzyme1,25
231121enzyme1,50
231121enzyme1,50
231121enzyme1,50
231121enzyme1,75
231121enzyme1,75
231121enzyme1,75
231121enzyme1,100
231121enzyme1,100
231121enzyme1,100
231121enzyme1,dS11
231121enzyme1,dS11
231121enzyme1,dS11
231121enzyme1,dS11
231121enzyme1,dS11
231121enzyme1,dS16
231121enzyme1,dS16
231121enzyme1,dS16
231121enzyme1,dS16
231121enzyme1,dS16
231121enzyme1,dS19
231121enzyme1,dS19
231121enzyme1,dS19
231121enzyme1,dS19
231121enzyme1,dS19
231121enzyme1,dS23
231121enzyme1,dS23
231121enzyme1,dS23
231121enzyme1,dS23
231121enzyme1,dS23
231121enzyme1,dS24
231121enzyme1,dS24
231121enzyme1,dS24
231121enzyme1,dS24
231121enzyme1,dS24
231121enzyme1,dS26
231121enzyme1,dS26
231121enzyme1,dS26
231121enzyme1,dS26
231121enzyme1,dS26
231121enzyme1,hS8
231121enzyme1,hS8
231121enzyme1,hS8
231121enzyme1,hS8
231121enzyme1,hS8
231121enzyme1,hS18
231121enzyme1,hS18
231121enzyme1,hS18
231121enzyme1,hS18
231121enzyme1,hS18
231121enzyme1,hS20
231121enzyme1,hS20
231121enzyme1,hS20
231121enzyme1,hS20
231121enzyme1,hS20
231121enzyme1,hS21
231121enzyme1,hS21
231121enzyme1,hS21
231121enzyme1,hS21
231121enzyme1,hS21
231121enzyme1,AS
231121enzyme1,AS
231121enzyme1,AS
231121enzyme1,AS
231121enzyme1,AS
231121enzyme1,CAS
231121enzyme1,CAS
231121enzyme1,CAS
231121enzyme1,CAS
231121enzyme1,CAS
231121enzyme2,0
231121enzyme2,0
231121enzyme2,0
231121enzyme2,0.25
231121enzyme2,0.25
231121enzyme2,0.25
231121enzyme2,0.5
231121enzyme2,0.5
231121enzyme2,0.5
231121enzyme2,0.75
231121enzyme2,0.75
231121enzyme2,0.75
231121enzyme2,1
231121enzyme2,1
231121enzyme2,1
231121enzyme2,2
231121enzyme2,2
231121enzyme2,2
231121enzyme2,5
231121enzyme2,5
231121enzyme2,5
231121enzyme2,10
231121enzyme2,10
231121enzyme2,10
231121enzyme2,25
231121enzyme2,25
231121enzyme2,25
231121enzyme2,50
231121enzyme2,50
231121enzyme2,50
231121enzyme2,75
231121enzyme2,75
231121enzyme2,75
231121enzyme2,100
231121enzyme2,100
231121enzyme2,100
231121enzyme2,hS23
231121enzyme2,hS23
231121enzyme2,hS23
231121enzyme2,hS23
231121enzyme2,hS23
231121enzyme2,hS33
231121enzyme2,hS33
231121enzyme2,hS33
231121enzyme2,hS33
231121enzyme2,hS33
231121enzyme2,d1
231121enzyme2,d1
231121enzyme2,d1
231121enzyme2,d1
231121enzyme2,d1
231121enzyme2,d2
231121enzyme2,d2
231121enzyme2,d2
231121enzyme2,d2
231121enzyme2,d2
231121enzyme2,d3
231121enzyme2,d3
231121enzyme2,d3
231121enzyme2,d3
231121enzyme2,d3
231121enzyme2,d4
231121enzyme2,d4
231121enzyme2,d4
231121enzyme2,d4
231121enzyme2,d4
231121enzyme2,d5
231121enzyme2,d5
231121enzyme2,d5
231121enzyme2,d5
231121enzyme2,d5
231121enzyme2,h1
231121enzyme2,h1
231121enzyme2,h1
231121enzyme2,h1
231121enzyme2,h1
231121enzyme2,h2
231121enzyme2,h2
231121enzyme2,h2
231121enzyme2,h2
231121enzyme2,h2
231121enzyme2,h3
231121enzyme2,h3
231121enzyme2,h3
231121enzyme2,h3
231121enzyme2,h3
231121enzyme2,AS
231121enzyme2,AS
231121enzyme2,AS
231121enzyme2,AS
231121enzyme2,AS
231121enzyme2,CAS
231121enzyme2,CAS
231121enzyme2,CAS
231121enzyme2,CAS
231121enzyme2,CAS
231121enzyme3,0
231121enzyme3,0
231121enzyme3,0
231121enzyme3,0.25
231121enzyme3,0.25
231121enzyme3,0.25
231121enzyme3,0.5
231121enzyme3,0.5
231121enzyme3,0.5
231121enzyme3,0.75
231121enzyme3,0.75
231121enzyme3,0.75
231121enzyme3,1
231121enzyme3,1
231121enzyme3,1
231121enzyme3,2
231121enzyme3,2
231121enzyme3,2
231121enzyme3,5
231121enzyme3,5
231121enzyme3,5
231121enzyme3,10
231121enzyme3,10
231121enzyme3,10
231121enzyme3,25
231121enzyme3,25
231121enzyme3,25
231121enzyme3,50
231121enzyme3,50
231121enzyme3,50
231121enzyme3,75
231121enzyme3,75
231121enzyme3,75
231121enzyme3,100
231121enzyme3,100
231121enzyme3,100
231121enzyme3,h4
231121enzyme3,h4
231121enzyme3,h4
231121enzyme3,h4
231121enzyme3,h4
231121enzyme3,h5
231121enzyme3,h5
231121enzyme3,h5
231121enzyme3,h5
231121enzyme3,h5
231121enzyme3,l1
231121enzyme3,l1
231121enzyme3,l1
231121enzyme3,l1
231121enzyme3,l1
231121enzyme3,l2
231121enzyme3,l2
231121enzyme3,l2
231121enzyme3,l2
231121enzyme3,l2
231121enzyme3,l3
231121enzyme3,l3
231121enzyme3,l3
231121enzyme3,l3
231121enzyme3,l3
231121enzyme3,l4
231121enzyme3,l4
231121enzyme3,l4
231121enzyme3,l4
231121enzyme3,l4
231121enzyme3,l5
231121enzyme3,l5
231121enzyme3,l5
231121enzyme3,l5
231121enzyme3,l5
231121enzyme3,p1
231121enzyme3,p1
231121enzyme3,p1
231121enzyme3,p1
231121enzyme3,p1
231121enzyme3,p2
231121enzyme3,p2
231121enzyme3,p2
231121enzyme3,p2
231121enzyme3,p2
231121enzyme3,p3
231121enzyme3,p3
231121enzyme3,p3
231121enzyme3,p3
231121enzyme3,p3
231121enzyme3,AS
231121enzyme3,AS
231121enzyme3,AS
231121enzyme3,AS
231121enzyme3,AS
231121enzyme3,CAS
231121enzyme3,CAS
231121enzyme3,CAS
231121enzyme3,CAS
231121enzyme3,CAS
231121enzyme4,0
231121enzyme4,0
231121enzyme4,0
231121enzyme4,0.25
231121enzyme4,0.25
231121enzyme4,0.25
231121enzyme4,0.5
231121enzyme4,0.5
231121enzyme4,0.5
231121enzyme4,0.75
231121enzyme4,0.75
231121enzyme4,0.75
231121enzyme4,1
231121enzyme4,1
231121enzyme4,1
231121enzyme4,2
231121enzyme4,2
231121enzyme4,2
231121enzyme4,5
231121enzyme4,5
231121enzyme4,5
231121enzyme4,10
231121enzyme4,10
231121enzyme4,10
231121enzyme4,25
231121enzyme4,25
231121enzyme4,25
231121enzyme4,50
231121enzyme4,50
231121enzyme4,50
231121enzyme4,75
231121enzyme4,75
231121enzyme4,75
231121enzyme4,100
231121enzyme4,100
231121enzyme4,100
231121enzyme4,p4
231121enzyme4,p4
231121enzyme4,p4
231121enzyme4,p4
231121enzyme4,p4
231121enzyme4,p5
231121enzyme4,p5
231121enzyme4,p5
231121enzyme4,p5
231121enzyme4,p5
231121enzyme4,plankton1
231121enzyme4,plankton1
231121enzyme4,plankton1
231121enzyme4,plankton1
231121enzyme4,plankton1
231121enzyme4,plankton2
231121enzyme4,plankton2
231121enzyme4,plankton2
231121enzyme4,plankton2
231121enzyme4,plankton2
231121enzyme4,plankton3
231121enzyme4,plankton3
231121enzyme4,plankton3
231121enzyme4,plankton3
231121enzyme4,plankton3
231121enzyme4,plankton4
231121enzyme4,plankton4
231121enzyme4,plankton4
231121enzyme4,plankton4
231121enzyme4,plankton4
231121enzyme4,plankton5
231121enzyme4,plankton5
231121enzyme4,plankton5
231121enzyme4,plankton5
231121enzyme4,plankton5
231121enzyme4,plankton6
231121enzyme4,plankton6
231121enzyme4,plankton6
231121enzyme4,plankton6
231121enzyme4,plankton6
231121enzyme4,AS
231121enzyme4,AS
231121enzyme4,AS
231121enzyme4,AS
231121enzyme4,AS
231121enzyme4,AS
231121enzyme4,AS
231121enzyme4,AS
231121enzyme4,AS
231121enzyme4,AS
231121enzyme4,CAS
231121enzyme4,CAS
231121enzyme4,CAS
231121enzyme4,CAS
231121enzyme4,CAS
231121enzyme4,CAS
231121enzyme4,CAS
261121enzyme1,0
261121enzyme1,0
261121enzyme1,0
261121enzyme1,0.25
261121enzyme1,0.25
261121enzyme1,0.25
261121enzyme1,0.5
261121enzyme1,0.5
261121enzyme1,0.5
261121enzyme1,0.75
261121enzyme1,0.75
261121enzyme1,0.75
261121enzyme1,1
261121enzyme1,1
261121enzyme1,1
261121enzyme1,2
261121enzyme1,2
261121enzyme1,2
261121enzyme1,5
261121enzyme1,5
261121enzyme1,5
261121enzyme1,10
261121enzyme1,10
261121enzyme1,10
261121enzyme1,25
261121enzyme1,25
261121enzyme1,25
261121enzyme1,50
261121enzyme1,50
261121enzyme1,50
261121enzyme1,75
261121enzyme1,75
261121enzyme1,75
261121enzyme1,100
261121enzyme1,100
261121enzyme1,100
261121enzyme1,sediment1
261121enzyme1,sediment1
261121enzyme1,sediment1
261121enzyme1,sediment1
261121enzyme1,sediment1
261121enzyme1,sediment2
261121enzyme1,sediment2
261121enzyme1,sediment2
261121enzyme1,sediment2
261121enzyme1,sediment2
261121enzyme1,sediment3
261121enzyme1,sediment3
261121enzyme1,sediment3
261121enzyme1,sediment3
261121enzyme1,sediment3
261121enzyme1,sediment4
261121enzyme1,sediment4
261121enzyme1,sediment4
261121enzyme1,sediment4
261121enzyme1,sediment4
261121enzyme1,sediment5
261121enzyme1,sediment5
261121enzyme1,sediment5
261121enzyme1,sediment5
261121enzyme1,sediment5
261121enzyme1,sediment6
261121enzyme1,sediment6
261121enzyme1,sediment6
261121enzyme1,sediment6
261121enzyme1,sediment6
261121enzyme1,sediment7
261121enzyme1,sediment7
261121enzyme1,sediment7
261121enzyme1,sediment7
261121enzyme1,sediment7
261121enzyme1,sediment8
261121enzyme1,sediment8
261121enzyme1,sediment8
261121enzyme1,sediment8
261121enzyme1,sediment8
261121enzyme1,sediment9
261121enzyme1,sediment9
261121enzyme1,sediment9
261121enzyme1,sediment9
261121enzyme1,sediment9
261121enzyme1,AS
261121enzyme1,AS
261121enzyme1,AS
261121enzyme1,AS
261121enzyme1,AS
261121enzyme1,CAS
261121enzyme1,CAS
261121enzyme1,CAS
261121enzyme2,0
261121enzyme2,0
261121enzyme2,0
261121enzyme2,0.25
261121enzyme2,0.25
261121enzyme2,0.25
261121enzyme2,0.5
261121enzyme2,0.5
261121enzyme2,0.5
261121enzyme2,0.75
261121enzyme2,0.75
261121enzyme2,0.75
261121enzyme2,1
261121enzyme2,1
261121enzyme2,1
261121enzyme2,2
261121enzyme2,2
261121enzyme2,2
261121enzyme2,5
261121enzyme2,5
261121enzyme2,5
261121enzyme2,10
261121enzyme2,10
261121enzyme2,10
261121enzyme2,25
261121enzyme2,25
261121enzyme2,25
261121enzyme2,50
261121enzyme2,50
261121enzyme2,50
261121enzyme2,75
261121enzyme2,75
261121enzyme2,75
261121enzyme2,100
261121enzyme2,100
261121enzyme2,100
261121enzyme2,sediment10
261121enzyme2,sediment10
261121enzyme2,sediment10
261121enzyme2,sediment10
261121enzyme2,sediment10
261121enzyme2,sediment11
261121enzyme2,sediment11
261121enzyme2,sediment11
261121enzyme2,sediment11
261121enzyme2,sediment11
261121enzyme2,sediment12
261121enzyme2,sediment12
261121enzyme2,sediment12
261121enzyme2,sediment12
261121enzyme2,sediment12
261121enzyme2,plankton7
261121enzyme2,plankton7
261121enzyme2,plankton7
261121enzyme2,plankton7
261121enzyme2,plankton7
261121enzyme2,plankton8
261121enzyme2,plankton8
261121enzyme2,plankton8
261121enzyme2,plankton8
261121enzyme2,plankton8
261121enzyme2,plankton9
261121enzyme2,plankton9
261121enzyme2,plankton9
261121enzyme2,plankton9
261121enzyme2,plankton9
261121enzyme2,plankton10
261121enzyme2,plankton10
261121enzyme2,plankton10
261121enzyme2,plankton10
261121enzyme2,plankton10
261121enzyme2,plankton11
261121enzyme2,plankton11
261121enzyme2,plankton11
261121enzyme2,plankton11
261121enzyme2,plankton11
261121enzyme2,plankton12
261121enzyme2,plankton12
261121enzyme2,plankton12
261121enzyme2,plankton12
261121enzyme2,plankton12
261121enzyme2,AS
261121enzyme2,AS
261121enzyme2,AS
261121enzyme2,AS
261121enzyme2,AS
261121enzyme2,CAS
261121enzyme2,CAS
261121enzyme2,CAS
261121enzyme2,CAS
281021enzyme1,0
281021enzyme1,0
281021enzyme1,0
281021enzyme1,0.1
281021enzyme1,0.1
281021enzyme1,0.1
281021enzyme1,0.25
281021enzyme1,0.25
281021enzyme1,0.25
281021enzyme1,0.5
281021enzyme1,0.5
281021enzyme1,0.5
281021enzyme1,0.75
281021enzyme1,0.75
281021enzyme1,0.75
281021enzyme1,1
281021enzyme1,1
281021enzyme1,1
281021enzyme1,2
281021enzyme1,2
281021enzyme1,2
281021enzyme1,5
281021enzyme1,5
281021enzyme1,5
281021enzyme1,10
281021enzyme1,10
281021enzyme1,10
281021enzyme1,50
281021enzyme1,50
281021enzyme1,50
281021enzyme1,100
281021enzyme1,100
281021enzyme1,100
281021enzyme1,1000
281021enzyme1,1000
281021enzyme1,1000
281021enzyme1,dS1
281021enzyme1,dS1
281021enzyme1,dS1
281021enzyme1,dS1
281021enzyme1,dS1
281021enzyme1,dS2
281021enzyme1,dS2
281021enzyme1,dS2
281021enzyme1,dS2
281021enzyme1,dS2
281021enzyme1,dS3
281021enzyme1,dS3
281021enzyme1,dS3
281021enzyme1,dS3
281021enzyme1,dS3
281021enzyme1,hS1
281021enzyme1,hS1
281021enzyme1,hS1
281021enzyme1,hS1
281021enzyme1,hS1
281021enzyme1,hS2
281021enzyme1,hS2
281021enzyme1,hS2
281021enzyme1,hS2
281021enzyme1,hS2
281021enzyme1,hS3
281021enzyme1,hS3
281021enzyme1,hS3
281021enzyme1,hS3
281021enzyme1,hS3
281021enzyme1,CAS
281021enzyme1,CAS
281021enzyme1,CAS
281021enzyme1,CMQ
281021enzyme1,CMQ
281021enzyme1,CMQ
281021enzyme3,0
281021enzyme3,0
281021enzyme3,0
281021enzyme3,0.1
281021enzyme3,0.1
281021enzyme3,0.1
281021enzyme3,0.25
281021enzyme3,0.25
281021enzyme3,0.25
281021enzyme3,0.5
281021enzyme3,0.5
281021enzyme3,0.5
281021enzyme3,0.75
281021enzyme3,0.75
281021enzyme3,0.75
281021enzyme3,1
281021enzyme3,1
281021enzyme3,1
281021enzyme3,2
281021enzyme3,2
281021enzyme3,2
281021enzyme3,5
281021enzyme3,5
281021enzyme3,5
281021enzyme3,10
281021enzyme3,10
281021enzyme3,10
281021enzyme3,50
281021enzyme3,50
281021enzyme3,50
281021enzyme3,100
281021enzyme3,100
281021enzyme3,100
281021enzyme3,1000
281021enzyme3,1000
281021enzyme3,1000
281021enzyme3,lS1
281021enzyme3,lS1
281021enzyme3,lS1
281021enzyme3,lS1
281021enzyme3,lS1
281021enzyme3,lS2
281021enzyme3,lS2
281021enzyme3,lS2
281021enzyme3,lS2
281021enzyme3,lS2
281021enzyme3,lS3
281021enzyme3,lS3
281021enzyme3,lS3
281021enzyme3,lS3
281021enzyme3,lS3
281021enzyme3,pS1
281021enzyme3,pS1
281021enzyme3,pS1
281021enzyme3,pS1
281021enzyme3,pS1
281021enzyme3,pS2
281021enzyme3,pS2
281021enzyme3,pS2
281021enzyme3,pS2
281021enzyme3,pS2
281021enzyme3,pS3
281021enzyme3,pS3
281021enzyme3,pS3
281021enzyme3,pS3
281021enzyme3,pS3
281021enzyme3,CAS
281021enzyme3,CAS
281021enzyme3,CAS
281021enzyme3,CMQ
281021enzyme3,CMQ
281021enzyme3,CMQ
281021enzyme5,0
281021enzyme5,0
281021enzyme5,0
281021enzyme5,0.1
281021enzyme5,0.1
281021enzyme5,0.1
281021enzyme5,0.25
281021enzyme5,0.25
281021enzyme5,0.25
281021enzyme5,0.5
281021enzyme5,0.5
281021enzyme5,0.5
281021enzyme5,0.75
281021enzyme5,0.75
281021enzyme5,0.75
281021enzyme5,1
281021enzyme5,1
281021enzyme5,1
281021enzyme5,2
281021enzyme5,2
281021enzyme5,2
281021enzyme5,5
281021enzyme5,5
281021enzyme5,5
281021enzyme5,10
281021enzyme5,10
281021enzyme5,10
281021enzyme5,50
281021enzyme5,50
281021enzyme5,50
281021enzyme5,100
281021enzyme5,100
281021enzyme5,100
281021enzyme5,1000
281021enzyme5,1000
281021enzyme5,1000
281021enzyme5,d1
281021enzyme5,d1
281021enzyme5,d1
281021enzyme5,d1
281021enzyme5,d1
281021enzyme5,d2
281021enzyme5,d2
281021enzyme5,d2
281021enzyme5,d2
281021enzyme5,d2
281021enzyme5,d3
281021enzyme5,d3
281021enzyme5,d3
281021enzyme5,d3
281021enzyme5,d3
281021enzyme5,h1
281021enzyme5,h1
281021enzyme5,h1
281021enzyme5,h1
281021enzyme5,h1
281021enzyme5,h2
281021enzyme5,h2
281021enzyme5,h2
281021enzyme5,h2
281021enzyme5,h2
281021enzyme5,h3
281021enzyme5,h3
281021enzyme5,h3
281021enzyme5,h3
281021enzyme5,h3
281021enzyme5,CAS
281021enzyme5,CAS
281021enzyme5,CAS
281021enzyme5,CMQ
281021enzyme5,CMQ
281021enzyme5,CMQ
281021enzyme7,0
281021enzyme7,0
281021enzyme7,0
281021enzyme7,0.1
281021enzyme7,0.1
281021enzyme7,0.1
281021enzyme7,0.25
281021enzyme7,0.25
281021enzyme7,0.25
281021enzyme7,0.5
281021enzyme7,0.5
281021enzyme7,0.5
281021enzyme7,0.75
281021enzyme7,0.75
281021enzyme7,0.75
281021enzyme7,1
281021enzyme7,1
281021enzyme7,1
281021enzyme7,2
281021enzyme7,2
281021enzyme7,2
281021enzyme7,5
281021enzyme7,5
281021enzyme7,5
281021enzyme7,10
281021enzyme7,10
281021enzyme7,10
281021enzyme7,50
281021enzyme7,50
281021enzyme7,50
281021enzyme7,100
281021enzyme7,100
281021enzyme7,100
281021enzyme7,1000
281021enzyme7,1000
281021enzyme7,1000
281021enzyme7,l1
281021enzyme7,l1
281021enzyme7,l1
281021enzyme7,l1
281021enzyme7,l1
281021enzyme7,l2
281021enzyme7,l2
281021enzyme7,l2
281021enzyme7,l2
281021enzyme7,l2
281021enzyme7,l3
281021enzyme7,l3
281021enzyme7,l3
281021enzyme7,l3
281021enzyme7,l3
281021enzyme7,p1
281021enzyme7,p1
281021enzyme7,p1
281021enzyme7,p1
281021enzyme7,p1
281021enzyme7,p2
281021enzyme7,p2
281021enzyme7,p2
281021enzyme7,p2
281021enzyme7,p2
281021enzyme7,p3
281021enzyme7,p3
281021enzyme7,p3
281021enzyme7,p3
281021enzyme7,p3
281021enzyme7,CAS
281021enzyme7,CAS
281021enzyme7,CAS
281021enzyme7,CMQ
281021enzyme7,CMQ
281021enzyme7,CMQ
301121enzyme1,0
301121enzyme1,0
301121enzyme1,0
301121enzyme1,0.25
301121enzyme1,0.25
301121enzyme1,0.25
301121enzyme1,0.5
301121enzyme1,0.5
301121enzyme1,0.5
301121enzyme1,0.75
301121enzyme1,0.75
301121enzyme1,0.75
301121enzyme1,1
301121enzyme1,1
301121enzyme1,1
301121enzyme1,2
301121enzyme1,2
301121enzyme1,2
301121enzyme1,5
301121enzyme1,5
301121enzyme1,5
301121enzyme1,10
301121enzyme1,10
301121enzyme1,10
301121enzyme1,25
301121enzyme1,25
301121enzyme1,25
301121enzyme1,50
301121enzyme1,50
301121enzyme1,50
301121enzyme1,75
301121enzyme1,75
301121enzyme1,75
301121enzyme1,100
301121enzyme1,100
301121enzyme1,100
301121enzyme1,d1
301121enzyme1,d1
301121enzyme1,d1
301121enzyme1,d1
301121enzyme1,d1
301121enzyme1,d2
301121enzyme1,d2
301121enzyme1,d2
301121enzyme1,d2
301121enzyme1,d2
301121enzyme1,d3
301121enzyme1,d3
301121enzyme1,d3
301121enzyme1,d3
301121enzyme1,d3
301121enzyme1,d4
301121enzyme1,d4
301121enzyme1,d4
301121enzyme1,d4
301121enzyme1,d4
301121enzyme1,d5
301121enzyme1,d5
301121enzyme1,d5
301121enzyme1,d5
301121enzyme1,d5
301121enzyme1,h1
301121enzyme1,h1
301121enzyme1,h1
301121enzyme1,h1
301121enzyme1,h1
301121enzyme1,h2
301121enzyme1,h2
301121enzyme1,h2
301121enzyme1,h2
301121enzyme1,h2
301121enzyme1,h3
301121enzyme1,h3
301121enzyme1,h3
301121enzyme1,h3
301121enzyme1,h3
301121enzyme1,h4
301121enzyme1,h4
301121enzyme1,h4
301121enzyme1,h4
301121enzyme1,h4
301121enzyme1,h5
301121enzyme1,h5
301121enzyme1,h5
301121enzyme1,h5
301121enzyme1,h5
301121enzyme1,AS
301121enzyme1,AS
301121enzyme1,AS
301121enzyme1,AS
301121enzyme1,CMQ
301121enzyme1,CMQ
301121enzyme1,CMQ
301121enzyme1,CAS
301121enzyme1,CAS
301121enzyme1,CAS
301121enzyme2,0
301121enzyme2,0
301121enzyme2,0
301121enzyme2,0.25
301121enzyme2,0.25
301121enzyme2,0.25
301121enzyme2,0.5
301121enzyme2,0.5
301121enzyme2,0.5
301121enzyme2,0.75
301121enzyme2,0.75
301121enzyme2,0.75
301121enzyme2,1
301121enzyme2,1
301121enzyme2,1
301121enzyme2,2
301121enzyme2,2
301121enzyme2,2
301121enzyme2,5
301121enzyme2,5
301121enzyme2,5
301121enzyme2,10
301121enzyme2,10
301121enzyme2,10
301121enzyme2,25
301121enzyme2,25
301121enzyme2,25
301121enzyme2,50
301121enzyme2,50
301121enzyme2,50
301121enzyme2,75
301121enzyme2,75
301121enzyme2,75
301121enzyme2,100
301121enzyme2,100
301121enzyme2,100
301121enzyme2,l1
301121enzyme2,l1
301121enzyme2,l1
301121enzyme2,l1
301121enzyme2,l1
301121enzyme2,l2
301121enzyme2,l2
301121enzyme2,l2
301121enzyme2,l2
301121enzyme2,l2
301121enzyme2,l3
301121enzyme2,l3
301121enzyme2,l3
301121enzyme2,l3
301121enzyme2,l3
301121enzyme2,l4
301121enzyme2,l4
301121enzyme2,l4
301121enzyme2,l4
301121enzyme2,l4
301121enzyme2,l5
301121enzyme2,l5
301121enzyme2,l5
301121enzyme2,l5
301121enzyme2,l5
301121enzyme2,p1
301121enzyme2,p1
301121enzyme2,p1
301121enzyme2,p1
301121enzyme2,p1
301121enzyme2,p2
301121enzyme2,p2
301121enzyme2,p2
301121enzyme2,p2
301121enzyme2,p2
301121enzyme2,p3
301121enzyme2,p3
301121enzyme2,p3
301121enzyme2,p3
301121enzyme2,p3
301121enzyme2,p4
301121enzyme2,p4
301121enzyme2,p4
301121enzyme2,p4
301121enzyme2,p4
301121enzyme2,p5
301121enzyme2,p5
301121enzyme2,p5
301121enzyme2,p5
301121enzyme2,p5
301121enzyme2,AS
301121enzyme2,AS
301121enzyme2,AS
301121enzyme2,AS
301121enzyme2,CMQ
301121enzyme2,CMQ
301121enzyme2,CMQ
301121enzyme2,CAS
301121enzyme2,CAS
301121enzyme2,CAS
191021enzyme1,0
191021enzyme1,0.1
191021enzyme1,0.25
191021enzyme1,0.5
191021enzyme1,0.75
191021enzyme1,1
191021enzyme1,2
191021enzyme1,5
191021enzyme1,10
191021enzyme1,50
191021enzyme1,100
191021enzyme1,1000
191021enzyme1,d1
191021enzyme1,d1
191021enzyme1,d1
191021enzyme1,h1
191021enzyme1,h1
191021enzyme1,h1
191021enzyme1,l1
191021enzyme1,l1
191021enzyme1,l1
191021enzyme1,p1
191021enzyme1,p1
191021enzyme1,p1
191021enzyme1,d10
191021enzyme1,d10
191021enzyme1,d10
191021enzyme1,h10
191021enzyme1,h10
191021enzyme1,h10
191021enzyme1,l10
191021enzyme1,l10
191021enzyme1,l10
191021enzyme1,p10
191021enzyme1,p10
191021enzyme1,p10
191021enzyme1,d100
191021enzyme1,d100
191021enzyme1,d100
191021enzyme1,h100
191021enzyme1,h100
191021enzyme1,h100
191021enzyme1,l100
191021enzyme1,l100
191021enzyme1,l100
191021enzyme1,p100
191021enzyme1,p100
191021enzyme1,p100
191021enzyme1,d1000
191021enzyme1,d1000
191021enzyme1,d1000
191021enzyme1,h1000
191021enzyme1,h1000
191021enzyme1,h1000
191021enzyme1,l1000
191021enzyme1,l1000
191021enzyme1,l1000
191021enzyme1,p1000
191021enzyme1,p1000
191021enzyme1,p1000
191021enzyme2,0
191021enzyme2,0
191021enzyme2,0
191021enzyme2,0.1
191021enzyme2,0.1
191021enzyme2,0.1
191021enzyme2,0.25
191021enzyme2,0.25
191021enzyme2,0.25
191021enzyme2,0.5
191021enzyme2,0.5
191021enzyme2,0.5
191021enzyme2,0.75
191021enzyme2,0.75
191021enzyme2,0.75
191021enzyme2,1
191021enzyme2,1
191021enzyme2,1
191021enzyme2,2
191021enzyme2,2
191021enzyme2,2
191021enzyme2,5
191021enzyme2,5
191021enzyme2,5
191021enzyme2,10
191021enzyme2,10
191021enzyme2,10
191021enzyme2,50
191021enzyme2,50
191021enzyme2,50
191021enzyme2,100
191021enzyme2,100
191021enzyme2,100
191021enzyme2,1000
191021enzyme2,1000
191021enzyme2,1000
191021enzyme2,d1
191021enzyme2,d1
191021enzyme2,d1
191021enzyme2,h1
191021enzyme2,h1
191021enzyme2,h1
191021enzyme2,l1
191021enzyme2,l1
191021enzyme2,l1
191021enzyme2,p1
191021enzyme2,p1
191021enzyme2,p1
191021enzyme2,d10
191021enzyme2,d10
191021enzyme2,d10
191021enzyme2,h10
191021enzyme2,h10
191021enzyme2,h10
191021enzyme2,l10
191021enzyme2,l10
191021enzyme2,l10
191021enzyme2,p10
191021enzyme2,p10
191021enzyme2,p10
191021enzyme2,d100
191021enzyme2,d100
191021enzyme2,d100
191021enzyme2,h100
191021enzyme2,h100
191021enzyme2,h100
191021enzyme2,l100
191021enzyme2,l100
191021enzyme2,l100
191021enzyme2,p100
191021enzyme2,p100
191021enzyme2,p100
191021enzyme2,d1000
191021enzyme2,d1000
191021enzyme2,d1000
191021enzyme2,h1000
191021enzyme2,h1000
191021enzyme2,h1000
191021enzyme2,l1000
191021enzyme2,l1000
191021enzyme2,l1000
191021enzyme2,p1000
191021enzyme2,p1000
191021enzyme2,p1000
191021enzyme3,0
191021enzyme3,0
191021enzyme3,0
191021enzyme3,0.1
191021enzyme3,0.1
191021enzyme3,0.1
191021enzyme3,0.25
191021enzyme3,0.25
191021enzyme3,0.25
191021enzyme3,0.5
191021enzyme3,0.5
191021enzyme3,0.5
191021enzyme3,0.75
191021enzyme3,0.75
191021enzyme3,0.75
191021enzyme3,1
191021enzyme3,1
191021enzyme3,1
191021enzyme3,2
191021enzyme3,2
191021enzyme3,2
191021enzyme3,5
191021enzyme3,5
191021enzyme3,5
191021enzyme3,10
191021enzyme3,10
191021enzyme3,10
191021enzyme3,50
191021enzyme3,50
191021enzyme3,50
191021enzyme3,100
191021enzyme3,100
191021enzyme3,100
191021enzyme3,1000
191021enzyme3,1000
191021enzyme3,1000
191021enzyme3,d1
191021enzyme3,d1
191021enzyme3,d1
191021enzyme3,h1
191021enzyme3,h1
191021enzyme3,h1
191021enzyme3,l1
191021enzyme3,l1
191021enzyme3,l1
191021enzyme3,p1
191021enzyme3,p1
191021enzyme3,p1
191021enzyme3,d10
191021enzyme3,d10
191021enzyme3,d10
191021enzyme3,h10
191021enzyme3,h10
191021enzyme3,h10
191021enzyme3,l10
191021enzyme3,l10
191021enzyme3,l10
191021enzyme3,p10
191021enzyme3,p10
191021enzyme3,p10
191021enzyme3,d100
191021enzyme3,d100
191021enzyme3,d100
191021enzyme3,h100
191021enzyme3,h100
191021enzyme3,h100
191021enzyme3,l100
191021enzyme3,l100
191021enzyme3,l100
191021enzyme3,p100
191021enzyme3,p100
191021enzyme3,p100
191021enzyme3,d1000
191021enzyme3,d1000
191021enzyme3,d1000
191021enzyme3,h1000
191021enzyme3,h1000
191021enzyme3,h1000
191021enzyme3,l1000
191021enzyme3,l1000
191021enzyme3,l1000
191021enzyme3,p1000
191021enzyme3,p1000
191021enzyme3,p1000
191021enzyme4,0
191021enzyme4,0
191021enzyme4,0
191021enzyme4,0.1
191021enzyme4,0.1
191021enzyme4,0.1
191021enzyme4,0.25
191021enzyme4,0.25
191021enzyme4,0.25
191021enzyme4,0.5
191021enzyme4,0.5
191021enzyme4,0.5
191021enzyme4,0.75
191021enzyme4,0.75
191021enzyme4,0.75
191021enzyme4,1
191021enzyme4,1
191021enzyme4,1
191021enzyme4,2
191021enzyme4,2
191021enzyme4,2
191021enzyme4,5
191021enzyme4,5
191021enzyme4,5
191021enzyme4,10
191021enzyme4,10
191021enzyme4,10
191021enzyme4,50
191021enzyme4,50
191021enzyme4,50
191021enzyme4,100
191021enzyme4,100
191021enzyme4,100
191021enzyme4,1000
191021enzyme4,1000
191021enzyme4,1000
191021enzyme4,d1
191021enzyme4,d1
191021enzyme4,d1
191021enzyme4,h1
191021enzyme4,h1
191021enzyme4,h1
191021enzyme4,l1
191021enzyme4,l1
191021enzyme4,l1
191021enzyme4,p1
191021enzyme4,p1
191021enzyme4,p1
191021enzyme4,d10
191021enzyme4,d10
191021enzyme4,d10
191021enzyme4,h10
191021enzyme4,h10
191021enzyme4,h10
191021enzyme4,l10
191021enzyme4,l10
191021enzyme4,l10
191021enzyme4,p10
191021enzyme4,p10
191021enzyme4,p10
191021enzyme4,d100
191021enzyme4,d100
191021enzyme4,d100
191021enzyme4,h100
191021enzyme4,h100
191021enzyme4,h100
191021enzyme4,l100
191021enzyme4,l100
191021enzyme4,l100
191021enzyme4,p100
191021enzyme4,p100
191021enzyme4,p100
191021enzyme4,d1000
191021enzyme4,d1000
191021enzyme4,d1000
191021enzyme4,h1000
191021enzyme4,h1000
191021enzyme4,h1000
191021enzyme4,l1000
191021enzyme4,l1000
191021enzyme4,l1000
191021enzyme4,p1000
191021enzyme4,p1000
191021enzyme4,p1000
201021enzyme1,0
201021enzyme1,0
201021enzyme1,0
201021enzyme1,0.1
201021enzyme1,0.1
201021enzyme1,0.1
201021enzyme1,0.25
201021enzyme1,0.25
201021enzyme1,0.25
201021enzyme1,0.5
201021enzyme1,0.5
201021enzyme1,0.5
201021enzyme1,0.75
201021enzyme1,0.75
201021enzyme1,0.75
201021enzyme1,1
201021enzyme1,1
201021enzyme1,1
201021enzyme1,2
201021enzyme1,2
201021enzyme1,2
201021enzyme1,5
201021enzyme1,5
201021enzyme1,5
201021enzyme1,10
201021enzyme1,10
201021enzyme1,10
201021enzyme1,50
201021enzyme1,50
201021enzyme1,50
201021enzyme1,100
201021enzyme1,100
201021enzyme1,100
201021enzyme1,1000
201021enzyme1,1000
201021enzyme1,1000
201021enzyme1,d100
201021enzyme1,d100
201021enzyme1,d100
201021enzyme1,h100
201021enzyme1,h100
201021enzyme1,h100
201021enzyme1,l100
201021enzyme1,l100
201021enzyme1,l100
201021enzyme1,p100
201021enzyme1,p100
201021enzyme1,p100
201021enzyme1,d200
201021enzyme1,d200
201021enzyme1,d200
201021enzyme1,l200
201021enzyme1,l200
201021enzyme1,l200
201021enzyme1,h200
201021enzyme1,h200
201021enzyme1,h200
201021enzyme1,p200
201021enzyme1,p200
201021enzyme1,p200
201021enzyme1,d500
201021enzyme1,d500
201021enzyme1,d500
201021enzyme1,h500
201021enzyme1,h500
201021enzyme1,h500
201021enzyme1,l500
201021enzyme1,l500
201021enzyme1,l500
201021enzyme1,p500
201021enzyme1,p500
201021enzyme1,p500
201021enzyme1,d1500
201021enzyme1,d1500
201021enzyme1,d1500
201021enzyme1,h1500
201021enzyme1,h1500
201021enzyme1,h1500
201021enzyme1,l1500
201021enzyme1,l1500
201021enzyme1,l1500
201021enzyme1,p1500
201021enzyme1,p1500
201021enzyme1,p1500
201021enzyme3,0
201021enzyme3,0
201021enzyme3,0
201021enzyme3,0.1
201021enzyme3,0.1
201021enzyme3,0.1
201021enzyme3,0.25
201021enzyme3,0.25
201021enzyme3,0.25
201021enzyme3,0.5
201021enzyme3,0.5
201021enzyme3,0.5
201021enzyme3,0.75
201021enzyme3,0.75
201021enzyme3,0.75
201021enzyme3,1
201021enzyme3,1
201021enzyme3,1
201021enzyme3,2
201021enzyme3,2
201021enzyme3,2
201021enzyme3,5
201021enzyme3,5
201021enzyme3,5
201021enzyme3,10
201021enzyme3,10
201021enzyme3,10
201021enzyme3,50
201021enzyme3,50
201021enzyme3,50
201021enzyme3,100
201021enzyme3,100
201021enzyme3,100
201021enzyme3,1000
201021enzyme3,1000
201021enzyme3,1000
201021enzyme3,d100
201021enzyme3,d100
201021enzyme3,d100
201021enzyme3,h100
201021enzyme3,h100
201021enzyme3,h100
201021enzyme3,l100
201021enzyme3,l100
201021enzyme3,l100
201021enzyme3,p100
201021enzyme3,p100
201021enzyme3,p100
201021enzyme3,d200
201021enzyme3,d200
201021enzyme3,d200
201021enzyme3,l200
201021enzyme3,l200
201021enzyme3,l200
201021enzyme3,h200
201021enzyme3,h200
201021enzyme3,h200
201021enzyme3,p200
201021enzyme3,p200
201021enzyme3,p200
201021enzyme3,d500
201021enzyme3,d500
201021enzyme3,d500
201021enzyme3,h500
201021enzyme3,h500
201021enzyme3,h500
201021enzyme3,l500
201021enzyme3,l500
201021enzyme3,l500
201021enzyme3,p500
201021enzyme3,p500
201021enzyme3,p500
201021enzyme3,d1500
201021enzyme3,d1500
201021enzyme3,d1500
201021enzyme3,h1500
201021enzyme3,h1500
201021enzyme3,h1500
201021enzyme3,l1500
201021enzyme3,l1500
201021enzyme3,l1500
201021enzyme3,p1500
201021enzyme3,p1500
201021enzyme3,p1500