Species,Date,Buoyant,Blotted,Lyophilised
Laminaria digitata,22.09.21,7.693,6.852,NA
Laminaria digitata,22.09.21,3.602,2.942,NA
Laminaria digitata,22.09.21,6.318,5.29,NA
Laminaria digitata,22.09.21,4.804,3.875,NA
Laminaria digitata,22.09.21,1.756,1.502,NA
Laminaria digitata,22.09.21,7.847,6.662,NA
Laminaria digitata,22.09.21,1.695,1.326,NA
Laminaria digitata,22.09.21,1.568,1.221,NA
Laminaria digitata,22.09.21,1.505,1.204,NA
Laminaria digitata,22.09.21,1.523,1.062,NA
Laminaria digitata,22.09.21,1.325,1.062,NA
Laminaria digitata,22.09.21,1.047,0.799,NA
Laminaria digitata,22.09.21,1.03,0.652,NA
Laminaria digitata,22.09.21,0.678,0.512,NA
Laminaria digitata,22.09.21,0.83,0.485,NA
Laminaria digitata,22.09.21,0.815,0.543,NA
Laminaria digitata,22.09.21,0.532,0.322,NA
Laminaria digitata,22.09.21,0.18,0.071,NA
Laminaria digitata,22.09.21,0.259,0.103,NA
Laminaria digitata,22.09.21,0.109,0.026,NA
Laminaria hyperborea,22.09.21,10.173,9.114,NA
Laminaria hyperborea,22.09.21,9.105,7.935,NA
Laminaria hyperborea,22.09.21,7.829,6.776,NA
Laminaria hyperborea,22.09.21,6.014,5.102,NA
Laminaria hyperborea,22.09.21,4.939,4.121,NA
Laminaria hyperborea,22.09.21,3.254,2.747,NA
Laminaria hyperborea,22.09.21,3.071,2.545,NA
Laminaria hyperborea,22.09.21,1.947,1.547,NA
Laminaria hyperborea,22.09.21,4.538,3.776,NA
Laminaria hyperborea,22.09.21,5.145,4.34,NA
Laminaria hyperborea,22.09.21,3.123,2.545,NA
Laminaria hyperborea,22.09.21,2.03,1.607,NA
Laminaria hyperborea,22.09.21,1.685,1.23,NA
Laminaria hyperborea,22.09.21,1.029,0.741,NA
Laminaria hyperborea,22.09.21,2.038,1.646,NA
Laminaria hyperborea,22.09.21,0.856,0.605,NA
Laminaria hyperborea,22.09.21,0.407,0.277,NA
Laminaria hyperborea,22.09.21,0.192,0.117,NA
Laminaria hyperborea,22.09.21,0.132,0.064,NA
Laminaria hyperborea,22.09.21,0.068,0.037,NA
Saccharina latissima,22.09.21,11.032,9.969,NA
Saccharina latissima,22.09.21,10.144,9.368,NA
Saccharina latissima,22.09.21,7.373,6.842,NA
Saccharina latissima,22.09.21,0.727,0.528,NA
Saccharina latissima,22.09.21,1.925,1.732,NA
Saccharina latissima,22.09.21,2.166,1.897,NA
Saccharina latissima,22.09.21,0.831,0.583,NA
Saccharina latissima,22.09.21,3.239,3.116,NA
Saccharina latissima,22.09.21,1.047,0.895,NA
Saccharina latissima,22.09.21,1.293,1.092,NA
Saccharina latissima,22.09.21,1.162,1.031,NA
Saccharina latissima,22.09.21,0.452,0.271,NA
Saccharina latissima,22.09.21,1.763,1.427,NA
Saccharina latissima,22.09.21,0.5,0.392,NA
Saccharina latissima,22.09.21,1.455,1.28,NA
Saccharina latissima,22.09.21,1.025,0.918,NA
Saccharina latissima,22.09.21,1.072,0.927,NA
Saccharina latissima,22.09.21,0.14,0.071,NA
Saccharina latissima,22.09.21,0.213,0.135,NA
Saccharina latissima,22.09.21,0.101,0.062,NA
Saccorhiza polyschides,22.09.21,7.5,6.66,NA
Saccorhiza polyschides,22.09.21,5.28,4.65,NA
Saccorhiza polyschides,22.09.21,3.618,3.188,NA
Saccorhiza polyschides,22.09.21,5.109,4.691,NA
Saccorhiza polyschides,22.09.21,3.906,3.445,NA
Saccorhiza polyschides,22.09.21,3.397,3.048,NA
Saccorhiza polyschides,22.09.21,2.512,2.211,NA
Saccorhiza polyschides,22.09.21,1.927,1.725,NA
Saccorhiza polyschides,22.09.21,1.219,1.019,NA
Saccorhiza polyschides,22.09.21,1.168,1.015,NA
Saccorhiza polyschides,22.09.21,1.362,1.209,NA
Saccorhiza polyschides,22.09.21,1.375,1.224,NA
Saccorhiza polyschides,22.09.21,0.855,0.742,NA
Saccorhiza polyschides,22.09.21,0.474,0.407,NA
Saccorhiza polyschides,22.09.21,0.393,0.323,NA
Saccorhiza polyschides,22.09.21,0.418,0.351,NA
Saccorhiza polyschides,22.09.21,0.206,0.165,NA
Saccorhiza polyschides,22.09.21,0.238,0.126,NA
Saccorhiza polyschides,22.09.21,0.153,0.118,NA
Saccorhiza polyschides,22.09.21,0.066,0.044,NA
Laminaria digitata,23.09.21,13.15,11.832,NA
Laminaria digitata,23.09.21,12.069,10.619,NA
Laminaria digitata,23.09.21,9.393,8.108,NA
Laminaria digitata,23.09.21,2.282,1.837,NA
Laminaria digitata,23.09.21,2.093,1.638,NA
Laminaria digitata,23.09.21,3.446,2.759,NA
Laminaria digitata,23.09.21,1.142,0.846,NA
Laminaria digitata,23.09.21,4.061,3.698,NA
Laminaria digitata,23.09.21,5.211,4.63,NA
Laminaria digitata,23.09.21,4.532,4.103,NA
Laminaria digitata,23.09.21,7.267,6.237,NA
Laminaria digitata,23.09.21,4.008,3.321,NA
Laminaria digitata,23.09.21,3.656,3.049,NA
Laminaria digitata,23.09.21,2.872,2.405,NA
Laminaria digitata,23.09.21,2.609,2.161,NA
Laminaria digitata,23.09.21,1.899,1.639,NA
Laminaria digitata,23.09.21,2.295,1.984,NA
Laminaria digitata,23.09.21,1.216,0.967,NA
Laminaria digitata,23.09.21,1.961,1.645,NA
Laminaria digitata,23.09.21,1.224,0.787,NA
Laminaria digitata,23.09.21,1.032,0.869,NA
Laminaria digitata,23.09.21,2.311,1.935,NA
Laminaria digitata,23.09.21,0.713,0.514,NA
Laminaria digitata,23.09.21,0.409,0.31,NA
Laminaria digitata,23.09.21,0.621,0.491,NA
Laminaria digitata,23.09.21,0.668,0.475,NA
Laminaria digitata,23.09.21,0.475,0.352,NA
Laminaria digitata,23.09.21,0.258,0.121,NA
Laminaria digitata,23.09.21,0.149,0.099,NA
Laminaria digitata,23.09.21,0.192,0.088,NA
Laminaria hyperborea,23.09.21,14.264,12.169,NA
Laminaria hyperborea,23.09.21,12.153,10.862,NA
Laminaria hyperborea,23.09.21,8.759,7.435,NA
Laminaria hyperborea,23.09.21,9.943,8.282,NA
Laminaria hyperborea,23.09.21,11.545,10.239,NA
Laminaria hyperborea,23.09.21,8.766,7.648,NA
Laminaria hyperborea,23.09.21,7.233,6.341,NA
Laminaria hyperborea,23.09.21,4.69,3.869,NA
Laminaria hyperborea,23.09.21,4.273,3.726,NA
Laminaria hyperborea,23.09.21,3.772,2.905,NA
Laminaria hyperborea,23.09.21,4.742,3.919,NA
Laminaria hyperborea,23.09.21,2.694,2.297,NA
Laminaria hyperborea,23.09.21,2.249,1.592,NA
Laminaria hyperborea,23.09.21,3.115,2.347,NA
Laminaria hyperborea,23.09.21,2.968,2.515,NA
Laminaria hyperborea,23.09.21,2.95,1.866,NA
Laminaria hyperborea,23.09.21,2.923,2.364,NA
Laminaria hyperborea,23.09.21,3.302,2.568,NA
Laminaria hyperborea,23.09.21,2.134,1.207,NA
Laminaria hyperborea,23.09.21,2.653,1.836,NA
Laminaria hyperborea,23.09.21,1.723,0.954,NA
Laminaria hyperborea,23.09.21,1.39,0.961,NA
Laminaria hyperborea,23.09.21,1.24,0.801,NA
Laminaria hyperborea,23.09.21,1.154,0.781,NA
Laminaria hyperborea,23.09.21,0.527,0.335,NA
Laminaria hyperborea,23.09.21,0.508,0.305,NA
Laminaria hyperborea,23.09.21,0.602,0.355,NA
Laminaria hyperborea,23.09.21,0.19,0.103,NA
Laminaria hyperborea,23.09.21,0.168,0.09,NA
Laminaria hyperborea,23.09.21,0.051,0.036,NA
Saccharina latissima,23.09.21,2.433,2.091,NA
Saccharina latissima,23.09.21,4.02,3.769,NA
Saccharina latissima,23.09.21,6.693,5.642,NA
Saccharina latissima,23.09.21,3.511,3.111,NA
Saccharina latissima,23.09.21,3.802,3.625,NA
Saccharina latissima,23.09.21,5.374,4.831,NA
Saccharina latissima,23.09.21,5.205,4.594,NA
Saccharina latissima,23.09.21,3.009,2.733,NA
Saccharina latissima,23.09.21,6.814,5.849,NA
Saccharina latissima,23.09.21,2.936,2.439,NA
Saccharina latissima,23.09.21,4.436,3.958,NA
Saccharina latissima,23.09.21,2.279,1.966,NA
Saccharina latissima,23.09.21,5.554,4.577,NA
Saccharina latissima,23.09.21,1.097,0.885,NA
Saccharina latissima,23.09.21,1.924,1.784,NA
Saccharina latissima,23.09.21,1.337,1.226,NA
Saccharina latissima,23.09.21,0.457,0.379,NA
Saccharina latissima,23.09.21,0.489,0.415,NA
Saccharina latissima,23.09.21,0.709,0.586,NA
Saccharina latissima,23.09.21,0.59,0.51,NA
Saccharina latissima,23.09.21,0.542,0.46,NA
Saccharina latissima,23.09.21,0.451,0.39,NA
Saccharina latissima,23.09.21,0.436,0.382,NA
Saccharina latissima,23.09.21,0.31,0.252,NA
Saccharina latissima,23.09.21,0.118,0.129,NA
Saccharina latissima,23.09.21,0.102,0.074,NA
Saccharina latissima,23.09.21,0.111,0.044,NA
Saccharina latissima,23.09.21,0.81,0.724,NA
Saccharina latissima,23.09.21,1.273,1.13,NA
Saccharina latissima,23.09.21,1.298,1.08,NA
Saccorhiza polyschides,23.09.21,6.901,6.339,NA
Saccorhiza polyschides,23.09.21,7.015,6.607,NA
Saccorhiza polyschides,23.09.21,5.582,5.028,NA
Saccorhiza polyschides,23.09.21,5.327,4.746,NA
Saccorhiza polyschides,23.09.21,11.485,10.747,NA
Saccorhiza polyschides,23.09.21,3.763,3.344,NA
Saccorhiza polyschides,23.09.21,4.335,3.957,NA
Saccorhiza polyschides,23.09.21,1.785,1.604,NA
Saccorhiza polyschides,23.09.21,2.882,2.546,NA
Saccorhiza polyschides,23.09.21,2.261,2.041,NA
Saccorhiza polyschides,23.09.21,1.618,1.435,NA
Saccorhiza polyschides,23.09.21,1.736,1.551,NA
Saccorhiza polyschides,23.09.21,1.467,1.323,NA
Saccorhiza polyschides,23.09.21,2.53,1.935,NA
Saccorhiza polyschides,23.09.21,1.76,1.565,NA
Saccorhiza polyschides,23.09.21,1.494,1.351,NA
Saccorhiza polyschides,23.09.21,0.911,0.75,NA
Saccorhiza polyschides,23.09.21,0.912,0.765,NA
Saccorhiza polyschides,23.09.21,1.067,0.95,NA
Saccorhiza polyschides,23.09.21,0.557,0.485,NA
Saccorhiza polyschides,23.09.21,0.569,0.499,NA
Saccorhiza polyschides,23.09.21,0.616,0.539,NA
Saccorhiza polyschides,23.09.21,0.533,0.456,NA
Saccorhiza polyschides,23.09.21,0.349,0.264,NA
Saccorhiza polyschides,23.09.21,0.586,0.521,NA
Saccorhiza polyschides,23.09.21,0.481,0.404,NA
Saccorhiza polyschides,23.09.21,0.377,0.317,NA
Saccorhiza polyschides,23.09.21,0.387,0.335,NA
Saccorhiza polyschides,23.09.21,0.214,0.163,NA
Saccorhiza polyschides,23.09.21,0.108,0.076,NA
Laminaria digitata,07.10.21,2.845,2.696,NA
Laminaria digitata,07.10.21,2.737,2.439,NA
Laminaria digitata,07.10.21,2.621,2.368,NA
Laminaria digitata,07.10.21,2.379,2.094,NA
Laminaria digitata,07.10.21,3.301,2.788,NA
Laminaria digitata,07.10.21,2.171,2.039,NA
Laminaria digitata,07.10.21,2.261,2.058,NA
Laminaria digitata,07.10.21,3.33,2.862,NA
Laminaria digitata,07.10.21,2.563,2.266,NA
Laminaria digitata,07.10.21,2.684,2.412,NA
Laminaria hyperborea,07.10.21,8.276,5.972,NA
Laminaria hyperborea,07.10.21,4.282,2.647,NA
Laminaria hyperborea,07.10.21,2.901,2.402,NA
Laminaria hyperborea,07.10.21,3.368,2.728,NA
Laminaria hyperborea,07.10.21,2.732,2.491,NA
Laminaria hyperborea,07.10.21,2.604,2.112,NA
Laminaria hyperborea,07.10.21,3.079,2.554,NA
Laminaria hyperborea,07.10.21,3.528,2.877,NA
Laminaria hyperborea,07.10.21,4.485,2.83,NA
Laminaria hyperborea,07.10.21,4.973,3.062,NA
Saccharina latissima,07.10.21,2.882,2.406,NA
Saccharina latissima,07.10.21,2.189,1.842,NA
Saccharina latissima,07.10.21,3.676,3.285,NA
Saccharina latissima,07.10.21,3.115,2.891,NA
Saccharina latissima,07.10.21,1.316,1.061,NA
Saccharina latissima,07.10.21,2.583,2.226,NA
Saccharina latissima,07.10.21,2.636,2.187,NA
Saccharina latissima,07.10.21,3.702,3.328,NA
Saccharina latissima,07.10.21,3.337,3.029,NA
Saccharina latissima,07.10.21,3.416,3.107,NA
Saccorhiza polyschides,07.10.21,3.417,3.064,NA
Saccorhiza polyschides,07.10.21,3.906,3.464,NA
Saccorhiza polyschides,07.10.21,2.336,2.007,NA
Saccorhiza polyschides,07.10.21,2.689,2.362,NA
Saccorhiza polyschides,07.10.21,2.899,2.567,NA
Saccorhiza polyschides,07.10.21,2.445,2.085,NA
Saccorhiza polyschides,07.10.21,2.409,2.088,NA
Saccorhiza polyschides,07.10.21,2.827,2.492,NA
Saccorhiza polyschides,07.10.21,2.862,2.483,NA
Saccorhiza polyschides,07.10.21,2.994,2.607,NA
Laminaria digitata,21.10.21,2.794,2.236,NA
Laminaria digitata,21.10.21,3.107,2.425,NA
Laminaria digitata,21.10.21,2.768,2.304,NA
Laminaria digitata,21.10.21,2.691,2.157,NA
Laminaria digitata,21.10.21,3.055,2.389,NA
Laminaria hyperborea,21.10.21,3.152,2.788,NA
Laminaria hyperborea,21.10.21,3.317,2.826,NA
Laminaria hyperborea,21.10.21,3.165,2.765,NA
Laminaria hyperborea,21.10.21,2.685,2.301,NA
Laminaria hyperborea,21.10.21,2.619,2.282,NA
Saccharina latissima,21.10.21,1.536,1.316,NA
Saccharina latissima,21.10.21,1.857,1.548,NA
Saccharina latissima,21.10.21,2.144,1.832,NA
Saccharina latissima,21.10.21,1.75,1.428,NA
Saccharina latissima,21.10.21,1.895,1.537,NA
Saccorhiza polyschides,21.10.21,7.061,6.176,NA
Saccorhiza polyschides,21.10.21,4.004,2.886,NA
Saccorhiza polyschides,21.10.21,3.155,2.62,NA
Saccorhiza polyschides,21.10.21,3.288,2.773,NA
Saccorhiza polyschides,21.10.21,3.338,2.594,NA
Laminaria digitata,22.10.21,2.691,2.18,0.41
Laminaria digitata,22.10.21,3.14,2.703,0.493
Laminaria digitata,22.10.21,3.01,2.546,0.405
Laminaria digitata,22.10.21,2.852,2.374,0.457
Laminaria hyperborea,22.10.21,3.319,2.753,0.841
Laminaria hyperborea,22.10.21,3.537,3.074,0.962
Laminaria hyperborea,22.10.21,3.422,3.001,0.878
Laminaria hyperborea,22.10.21,3.468,2.938,0.916
Saccharina latissima,22.10.21,3.36,3.082,0.523
Saccharina latissima,22.10.21,3.412,3.234,0.562
Saccharina latissima,22.10.21,3.173,2.929,0.536
Saccharina latissima,22.10.21,3.454,3.253,0.545
Saccorhiza polyschides,22.10.21,6.459,6.083,0.726
Saccorhiza polyschides,22.10.21,2.977,2.742,0.253
Saccorhiza polyschides,22.10.21,3.199,2.963,0.275
Saccorhiza polyschides,22.10.21,3.457,3.222,0.299
Laminaria digitata,22.11.21,10.073,9.218,1.571
Laminaria hyperborea,22.11.21,16.661,14.725,3.807
Saccharina latissima,22.11.21,10.649,10.143,1.232
Saccharina latissima,22.11.21,10.729,10.048,1.422
Saccorhiza polyschides,22.11.21,11.748,11.474,1.017
Laminaria digitata,24.09.21,NA,2.836,0.453
Laminaria digitata,24.09.21,NA,2.724,0.559
Laminaria digitata,24.09.21,NA,2.641,0.36
Laminaria digitata,24.09.21,NA,2.906,0.39
Laminaria digitata,24.09.21,NA,2.753,0.5
Laminaria digitata,24.09.21,NA,2.749,0.576
Laminaria digitata,24.09.21,NA,2.478,0.397
Laminaria digitata,24.09.21,NA,2.137,0.308
Laminaria digitata,24.09.21,NA,2.518,0.338
Laminaria digitata,24.09.21,NA,2.252,0.301
Laminaria hyperborea,24.09.21,NA,2.816,0.528
Laminaria hyperborea,24.09.21,NA,2.668,0.517
Laminaria hyperborea,24.09.21,NA,2.623,0.508
Laminaria hyperborea,24.09.21,NA,2.444,0.472
Laminaria hyperborea,24.09.21,NA,2.583,0.496
Laminaria hyperborea,24.09.21,NA,2.584,0.437
Laminaria hyperborea,24.09.21,NA,2.519,0.459
Laminaria hyperborea,24.09.21,NA,2.531,0.533
Laminaria hyperborea,24.09.21,NA,2.62,0.567
Laminaria hyperborea,24.09.21,NA,2.74,0.444
Saccharina latissima,24.09.21,NA,2.743,0.545
Saccharina latissima,24.09.21,NA,2.666,0.567
Saccharina latissima,24.09.21,NA,2.331,0.603
Saccharina latissima,24.09.21,NA,2.752,0.444
Saccharina latissima,24.09.21,NA,2.667,0.665
Saccharina latissima,24.09.21,NA,2.484,0.46
Saccharina latissima,24.09.21,NA,2.81,0.412
Saccharina latissima,24.09.21,NA,2.504,0.547
Saccharina latissima,24.09.21,NA,2.52,0.328
Saccharina latissima,24.09.21,NA,2.799,0.486
Saccorhiza polyschides,24.09.21,NA,2.047,0.226
Saccorhiza polyschides,24.09.21,NA,2.078,0.229
Saccorhiza polyschides,24.09.21,NA,1.87,0.216
Saccorhiza polyschides,24.09.21,NA,1.774,0.176
Saccorhiza polyschides,24.09.21,NA,2.06,0.217
Saccorhiza polyschides,24.09.21,NA,1.671,0.167
Saccorhiza polyschides,24.09.21,NA,2.945,0.411
Saccorhiza polyschides,24.09.21,NA,1.818,0.218
Saccorhiza polyschides,24.09.21,NA,1.916,0.199
Saccorhiza polyschides,24.09.21,NA,2.368,0.256
Laminaria digitata,29.09.21,NA,2.692,0.366
Laminaria digitata,29.09.21,NA,2.575,0.407
Laminaria digitata,29.09.21,NA,2.827,0.416
Laminaria hyperborea,29.09.21,NA,3.543,1.125
Laminaria hyperborea,29.09.21,NA,3.035,0.838
Laminaria hyperborea,29.09.21,NA,3.392,0.849
Saccharina latissima,29.09.21,NA,3.008,0.55
Saccharina latissima,29.09.21,NA,2.641,0.447
Saccharina latissima,29.09.21,NA,3.19,0.599
Saccorhiza polyschides,29.09.21,NA,5.407,0.507
Saccorhiza polyschides,29.09.21,NA,6.656,0.794
Saccorhiza polyschides,29.09.21,NA,4.687,0.438
Laminaria digitata,07.10.21,NA,24.993,3.057
Laminaria digitata,07.10.21,NA,36.873,5.635
Laminaria digitata,07.10.21,NA,27.161,5.128
Laminaria digitata,07.10.21,NA,26.306,3.318
Laminaria digitata,07.10.21,NA,37.562,5.567
Laminaria digitata,07.10.21,NA,24.761,4.379
Laminaria digitata,07.10.21,NA,20.326,3.679
Laminaria digitata,07.10.21,NA,21.961,2.69
Laminaria hyperborea,07.10.21,NA,31.793,8.157
Laminaria hyperborea,07.10.21,NA,34.008,8.25
Laminaria hyperborea,07.10.21,NA,23.604,6.121
Laminaria hyperborea,07.10.21,NA,28.582,7.086
Laminaria hyperborea,07.10.21,NA,31.403,6.853
Laminaria hyperborea,07.10.21,NA,28.01,9.348
Laminaria hyperborea,07.10.21,NA,31.543,8.958
Laminaria hyperborea,07.10.21,NA,33.143,10.696
Saccharina latissima,07.10.21,NA,18.243,3.694
Saccharina latissima,07.10.21,NA,20.673,3.172
Saccharina latissima,07.10.21,NA,23.33,3.58
Saccharina latissima,07.10.21,NA,20.943,4.404
Saccharina latissima,07.10.21,NA,23.662,4.3
Saccharina latissima,07.10.21,NA,25.675,5.738
Saccharina latissima,07.10.21,NA,24.076,3.549
Saccharina latissima,07.10.21,NA,34.784,9.538
Saccorhiza polyschides,07.10.21,NA,20.535,2.002
Saccorhiza polyschides,07.10.21,NA,18.538,1.478
Saccorhiza polyschides,07.10.21,NA,31.097,4.024
Saccorhiza polyschides,07.10.21,NA,13.784,1.065
Saccorhiza polyschides,07.10.21,NA,44.27,6.292
Saccorhiza polyschides,07.10.21,NA,43.396,3.808
Saccorhiza polyschides,07.10.21,NA,31.781,2.863
Saccorhiza polyschides,07.10.21,NA,31.66,3.2
Laminaria digitata,21.10.21,NA,2.482,0.326
Laminaria digitata,21.10.21,NA,2.521,0.333
Laminaria digitata,21.10.21,NA,2.287,0.298
Laminaria digitata,21.10.21,NA,2.321,0.302
Laminaria hyperborea,21.10.21,NA,3.007,1.038
Laminaria hyperborea,21.10.21,NA,3.392,1.131
Laminaria hyperborea,21.10.21,NA,3.038,1.123
Laminaria hyperborea,21.10.21,NA,2.744,1.03
Saccharina latissima,21.10.21,NA,1.89,0.199
Saccharina latissima,21.10.21,NA,2.287,0.249
Saccharina latissima,21.10.21,NA,1.378,0.161
Saccharina latissima,21.10.21,NA,2.292,0.246
Saccorhiza polyschides,21.10.21,NA,2.334,0.231
Saccorhiza polyschides,21.10.21,NA,2.89,0.28
Saccorhiza polyschides,21.10.21,NA,2.454,0.236
Saccorhiza polyschides,21.10.21,NA,2.193,0.212
Laminaria digitata,01.11.21,NA,2.202,0.354
Laminaria digitata,01.11.21,NA,2.4,0.367
Laminaria digitata,01.11.21,NA,2.253,0.33
Laminaria digitata,01.11.21,NA,2.161,0.439
Laminaria digitata,01.11.21,NA,2.398,0.445
Laminaria digitata,01.11.21,NA,2.158,0.349
Laminaria digitata,01.11.21,NA,2.34,0.353
Laminaria digitata,01.11.21,NA,2.278,0.348
Laminaria digitata,01.11.21,NA,2.295,0.482
Laminaria digitata,01.11.21,NA,2.265,0.402
Laminaria hyperborea,01.11.21,NA,2.827,1.045
Laminaria hyperborea,01.11.21,NA,2.887,1.059
Laminaria hyperborea,01.11.21,NA,2.822,0.994
Laminaria hyperborea,01.11.21,NA,2.339,0.857
Laminaria hyperborea,01.11.21,NA,2.29,0.896
Laminaria hyperborea,01.11.21,NA,2.596,1.017
Laminaria hyperborea,01.11.21,NA,2.942,1.06
Laminaria hyperborea,01.11.21,NA,2.892,0.99
Laminaria hyperborea,01.11.21,NA,2.165,0.848
Laminaria hyperborea,01.11.21,NA,2.883,1.069
Saccharina latissima,01.11.21,NA,1.298,0.178
Saccharina latissima,01.11.21,NA,1.53,0.198
Saccharina latissima,01.11.21,NA,1.854,0.253
Saccharina latissima,01.11.21,NA,1.413,0.195
Saccharina latissima,01.11.21,NA,1.532,0.204
Saccharina latissima,01.11.21,NA,1.272,0.177
Saccharina latissima,01.11.21,NA,1.388,0.178
Saccharina latissima,01.11.21,NA,1.864,0.266
Saccharina latissima,01.11.21,NA,1.452,0.203
Saccharina latissima,01.11.21,NA,1.894,0.262
Saccorhiza polyschides,01.11.21,NA,4.515,0.399
Saccorhiza polyschides,01.11.21,NA,2.839,0.295
Saccorhiza polyschides,01.11.21,NA,2.699,0.269
Saccorhiza polyschides,01.11.21,NA,2.85,0.29
Saccorhiza polyschides,01.11.21,NA,1.93,0.195
Saccorhiza polyschides,01.11.21,NA,5.719,0.489
Saccorhiza polyschides,01.11.21,NA,3.263,0.338
Saccorhiza polyschides,01.11.21,NA,3.048,0.316
Saccorhiza polyschides,01.11.21,NA,2.788,0.292
Saccorhiza polyschides,01.11.21,NA,2.861,0.306
Laminaria digitata,10.11.21,NA,1.977,0.278
Laminaria digitata,10.11.21,NA,1.96,0.265
Laminaria digitata,10.11.21,NA,2.017,0.27
Laminaria digitata,10.11.21,NA,2.158,0.29
Laminaria digitata,10.11.21,NA,2.177,0.291
Laminaria digitata,10.11.21,NA,2.149,0.332
Laminaria digitata,10.11.21,NA,2.362,0.327
Laminaria digitata,10.11.21,NA,2.096,0.29
Laminaria digitata,10.11.21,NA,2.145,0.29
Laminaria digitata,10.11.21,NA,1.983,0.293
Laminaria hyperborea,10.11.21,NA,3.074,0.519
Laminaria hyperborea,10.11.21,NA,3.085,0.566
Laminaria hyperborea,10.11.21,NA,2.902,0.495
Laminaria hyperborea,10.11.21,NA,2.737,0.458
Laminaria hyperborea,10.11.21,NA,2.873,0.536
Laminaria hyperborea,10.11.21,NA,3.12,0.563
Laminaria hyperborea,10.11.21,NA,2.823,0.504
Laminaria hyperborea,10.11.21,NA,2.818,0.46
Laminaria hyperborea,10.11.21,NA,3.179,0.664
Laminaria hyperborea,10.11.21,NA,2.951,0.506
Saccharina latissima,10.11.21,NA,2.2,0.254
Saccharina latissima,10.11.21,NA,2.999,0.496
Saccharina latissima,10.11.21,NA,2.933,0.477
Saccharina latissima,10.11.21,NA,3.089,0.529
Saccharina latissima,10.11.21,NA,2.343,0.24
Saccharina latissima,10.11.21,NA,3.499,0.605
Saccharina latissima,10.11.21,NA,3.049,0.552
Saccharina latissima,10.11.21,NA,3.197,0.468
Saccharina latissima,10.11.21,NA,2.674,0.367
Saccharina latissima,10.11.21,NA,2.992,0.458
Saccorhiza polyschides,10.11.21,NA,2.475,0.25
Saccorhiza polyschides,10.11.21,NA,2.089,0.21
Saccorhiza polyschides,10.11.21,NA,2.192,0.237
Saccorhiza polyschides,10.11.21,NA,2.073,0.206
Saccorhiza polyschides,10.11.21,NA,1.716,0.177
Saccorhiza polyschides,10.11.21,NA,1.912,0.213
Saccorhiza polyschides,10.11.21,NA,2.314,0.24
Saccorhiza polyschides,10.11.21,NA,2.011,0.203
Saccorhiza polyschides,10.11.21,NA,1.565,0.157
Saccorhiza polyschides,10.11.21,NA,1.819,0.186
Laminaria digitata,22.11.21,NA,0.049,0.0091
Laminaria digitata,22.11.21,NA,0.048,0.0082
Laminaria digitata,22.11.21,NA,0.046,0.0076
Laminaria digitata,22.11.21,NA,0.05,0.0086
Laminaria digitata,22.11.21,NA,0.049,0.0087
Laminaria digitata,22.11.21,NA,0.043,0.008
Laminaria digitata,22.11.21,NA,0.051,0.0089
Laminaria digitata,22.11.21,NA,0.049,0.0081
Laminaria digitata,22.11.21,NA,0.05,0.0082
Laminaria digitata,22.11.21,NA,0.053,0.0088
Laminaria hyperborea,22.11.21,NA,0.061,0.0165
Laminaria hyperborea,22.11.21,NA,0.049,0.0134
Laminaria hyperborea,22.11.21,NA,0.067,0.0183
Laminaria hyperborea,22.11.21,NA,0.061,0.0165
Laminaria hyperborea,22.11.21,NA,0.065,0.0175
Laminaria hyperborea,22.11.21,NA,0.071,0.0181
Laminaria hyperborea,22.11.21,NA,0.071,0.0178
Laminaria hyperborea,22.11.21,NA,0.064,0.0167
Laminaria hyperborea,22.11.21,NA,0.067,0.0183
Laminaria hyperborea,22.11.21,NA,0.055,0.0158
Saccharina latissima,22.11.21,NA,0.045,0.005
Saccharina latissima,22.11.21,NA,0.042,0.0052
Saccharina latissima,22.11.21,NA,0.036,0.0072
Saccharina latissima,22.11.21,NA,0.048,0.006
Saccharina latissima,22.11.21,NA,0.057,0.007
Saccharina latissima,22.11.21,NA,0.051,0.0058
Saccharina latissima,22.11.21,NA,0.039,0.0049
Saccharina latissima,22.11.21,NA,0.041,0.0062
Saccharina latissima,22.11.21,NA,0.046,0.0048
Saccharina latissima,22.11.21,NA,0.043,0.005
Saccorhiza polyschides,22.11.21,NA,0.04,0.0046
Saccorhiza polyschides,22.11.21,NA,0.05,0.0049
Saccorhiza polyschides,22.11.21,NA,0.041,0.0048
Saccorhiza polyschides,22.11.21,NA,0.044,0.005
Saccorhiza polyschides,22.11.21,NA,0.045,0.005
Saccorhiza polyschides,22.11.21,NA,0.047,0.0051
Saccorhiza polyschides,22.11.21,NA,0.055,0.0058
Saccorhiza polyschides,22.11.21,NA,0.043,0.005
Saccorhiza polyschides,22.11.21,NA,0.037,0.0046
Saccorhiza polyschides,22.11.21,NA,0.034,0.0043
Laminaria digitata,22.11.21,NA,4.627,0.786
Laminaria digitata,22.11.21,NA,4.652,0.799
Laminaria digitata,22.11.21,NA,7.032,1.154
Laminaria digitata,22.11.21,NA,4.58,0.836
Laminaria digitata,22.11.21,NA,4.194,0.759
Laminaria digitata,22.11.21,NA,15.943,2.597
Laminaria digitata,22.11.21,NA,17.251,2.902
Laminaria digitata,22.11.21,NA,7.789,1.424
Laminaria digitata,22.11.21,NA,10.039,1.629
Laminaria digitata,22.11.21,NA,20.422,3.541
Laminaria hyperborea,22.11.21,NA,4.402,1.091
Laminaria hyperborea,22.11.21,NA,26.104,6.183
Laminaria hyperborea,22.11.21,NA,5.439,0.972
Laminaria hyperborea,22.11.21,NA,12.574,3.365
Laminaria hyperborea,22.11.21,NA,14.963,3.651
Laminaria hyperborea,22.11.21,NA,18.062,4.048
Laminaria hyperborea,22.11.21,NA,18.3,4.134
Laminaria hyperborea,22.11.21,NA,18.499,4.416
Laminaria hyperborea,22.11.21,NA,14.398,3.506
Laminaria hyperborea,22.11.21,NA,19.531,4.785
Saccharina latissima,22.11.21,NA,11.231,1.405
Saccharina latissima,22.11.21,NA,6.558,0.859
Saccharina latissima,22.11.21,NA,5.912,0.807
Saccharina latissima,22.11.21,NA,12.577,1.829
Saccharina latissima,22.11.21,NA,10.309,1.347
Saccharina latissima,22.11.21,NA,8.927,1.129
Saccharina latissima,22.11.21,NA,5.019,0.725
Saccharina latissima,22.11.21,NA,12.437,1.532
Saccharina latissima,22.11.21,NA,14.292,1.732
Saccorhiza polyschides,22.11.21,NA,7.512,0.631
Saccorhiza polyschides,22.11.21,NA,6.283,0.615
Saccorhiza polyschides,22.11.21,NA,12.315,1.061
Saccorhiza polyschides,22.11.21,NA,4.019,0.356
Saccorhiza polyschides,22.11.21,NA,7.255,0.682
Saccorhiza polyschides,22.11.21,NA,11.111,0.834
Saccorhiza polyschides,22.11.21,NA,3.219,0.323
Saccorhiza polyschides,22.11.21,NA,7.619,0.672
Saccorhiza polyschides,22.11.21,NA,8.938,0.853
Saccorhiza polyschides,22.11.21,NA,8.489,0.693